Riders,Team,s1,s2,s3,s4,s5,s6,s7,s8,s9,s10,s11,s12,s13,s14,s15,s16,s17,s18,s19,s20,s21,t1,t2,t3,t4,t5,t6,t7,t8,t9,t10,t11,t12,t13,t14,t15,t16,t17,t18,t19,t20,t21,r1,r2,r3,r4,r5,r6,r7,r8,r9,r10,r11,r12,r13,r14,r15,r16,r17,r18,r19,r20,r21
DUMOULIN Tom,TEAM GIANT - ALPECIN,663,16711,15825,17216,20439,16887,18068,15416,3223,21452,0,0,0,0,0,0,0,0,0,0,0,663,17374,33199,50415,70854,87741,105809,121225,124448,145900,145900,145900,145900,145900,145900,145900,145900,145900,145900,145900,145900,1,1,1.0,1.0,1.0,1.0,1.0,11.0,7.0,29.0,,,,,,,,,,,
ROGLIC Primoz,TEAM LOTTO NL - JUMBO,663,16711,16284,18183,20666,17129,18242,16330,3105,21365,18100,15614,17611,23008,1903,11811,16454,20936,16863,16698,13698,663,17374,33658,51841,72507,89636,107878,124208,127313,148678,166778,182392,200003,223011,224914,236725,253179,274115,290978,307676,321374,1,1,165.0,181.0,179.0,141.0,144.0,146.0,127.0,83.0,76.0,82.0,74.0,64.0,64.0,63.0,63.0,67.0,63.0,58.0,58.0
AMADOR Andrey,MOVISTAR TEAM,669,16711,15825,17254,20439,16908,18077,15349,3184,20802,17792,15360,16386,22208,1851,10934,16289,20338,15864,16438,13698,669,17380,33205,50459,70898,87806,105883,121232,124416,145218,163010,178370,194756,216964,218815,229749,246038,266376,282240,298678,312376,3,3,2.0,18.0,18.0,16.0,17.0,12.0,3.0,2.0,2.0,2.0,1.0,5.0,7.0,8.0,8.0,8.0,7.0,8.0,8.0
LUDVIGSSON Tobias,TEAM GIANT - ALPECIN,671,16711,15825,17398,20465,17204,18337,15550,3249,21452,18026,15360,18421,23447,1901,11775,16307,20936,16484,16825,13698,671,17382,33207,50605,71070,88274,106611,122161,125410,146862,164888,180248,198669,222116,224017,235792,252099,273035,289519,306344,320042,4,4,3.0,55.0,56.0,48.0,51.0,48.0,43.0,44.0,44.0,44.0,56.0,56.0,55.0,54.0,54.0,56.0,55.0,51.0,51.0
KITTEL Marcel,ETIXX - QUICK-STEP,674,16711,15825,17701,20671,17855,18337,16330,0,0,0,0,0,0,0,0,0,0,0,0,0,674,17385,33210,50911,71582,89437,107774,124104,124104,124104,124104,124104,124104,124104,124104,124104,124104,124104,124104,124104,124104,5,5,4.0,97.0,107.0,124.0,131.0,135.0,,,,,,,,,,,,,
MOSER Moreno,CANNONDALE PRO CYCLING TEAM,675,16711,15825,17254,20474,17855,18191,15332,3582,21452,18587,15360,16436,23108,1907,11592,16454,19534,17005,17834,13698,675,17386,33211,50465,70939,88794,106985,122317,125899,147351,165938,181298,197734,220842,222749,234341,250795,270329,287334,305168,318866,6,6,5.0,21.0,30.0,70.0,74.0,52.0,57.0,56.0,57.0,56.0,47.0,46.0,46.0,42.0,46.0,37.0,36.0,41.0,41.0
JUNGELS Bob,ETIXX - QUICK-STEP,676,16711,15825,17217,20435,16906,18068,15397,3150,20807,17792,15360,16436,22357,1783,10771,16289,20338,15819,16249,13698,676,17387,33212,50429,70864,87770,105838,121235,124385,145192,162984,178344,194780,217137,218920,229691,245980,266318,282137,298386,312084,7,7,6.0,2.0,2.0,4.0,4.0,14.0,1.0,1.0,1.0,1.0,2.0,12.0,8.0,7.0,7.0,7.0,6.0,6.0,6.0
CANCELLARA Fabian,TREK - SEGAFREDO,677,16822,16188,17795,20631,17855,18185,16330,3133,0,0,0,0,0,0,0,0,0,0,0,0,677,17499,33687,51482,72113,89968,108153,124483,127616,127616,127616,127616,127616,127616,127616,127616,127616,127616,127616,127616,127616,8,186,172.0,166.0,164.0,167.0,158.0,159.0,147.0,,,,,,,,,,,,
BRANDLE Matthias,IAM CYCLING,677,16711,15825,18183,21639,18052,18242,16522,3115,22927,18900,15360,18421,0,0,0,0,0,0,0,0,677,17388,33213,51396,73035,91087,109329,125851,128966,151893,170793,186153,204574,204574,204574,204574,204574,204574,204574,204574,204574,8,8,7.0,155.0,191.0,191.0,189.0,186.0,184.0,181.0,182.0,181.0,174.0,,,,,,,,
DILLIER Silvan,BMC RACING TEAM,679,16711,0,0,0,0,0,0,0,0,0,0,0,0,0,0,0,0,0,0,0,679,17390,17390,17390,17390,17390,17390,17390,17390,17390,17390,17390,17390,17390,17390,17390,17390,17390,17390,17390,17390,10,9,,,,,,,,,,,,,,,,,,,
KLUGE Roger,IAM CYCLING,679,16711,15825,17795,20765,18052,18279,16522,3671,22325,18772,15360,18421,24603,2068,11819,16289,20052,17812,18469,13698,679,17390,33215,51010,71775,89827,108106,124628,128299,150624,169396,184756,203177,227780,229848,241667,257956,278008,295820,314289,327987,10,9,8.0,118.0,134.0,155.0,156.0,165.0,174.0,164.0,166.0,163.0,164.0,160.0,158.0,157.0,156.0,140.0,137.0,138.0,137.0
HAGA Chad,TEAM GIANT - ALPECIN,679,16711,15825,17571,20972,17569,18149,16330,3237,21694,18587,15360,17611,23856,2031,11775,16454,20936,17005,17868,13698,679,17390,33215,50786,71758,89327,107476,123806,127043,148737,167324,182684,200295,224151,226182,237957,254411,275347,292352,310220,323918,10,9,8.0,77.0,130.0,116.0,115.0,121.0,107.0,85.0,99.0,98.0,86.0,82.0,83.0,83.0,85.0,89.0,81.0,78.0,78.0
PREIDLER Georg,TEAM GIANT - ALPECIN,680,16711,15825,17217,20435,17036,18068,15975,3450,20849,17957,15360,16918,21976,1923,11775,16289,20625,15757,17137,13698,680,17391,33216,50433,70868,87904,105972,121947,125397,146246,164203,179563,196481,218457,220380,232155,248444,269069,284826,301963,315661,13,12,10.0,3.0,3.0,29.0,28.0,42.0,42.0,37.0,30.0,30.0,31.0,21.0,23.0,26.0,26.0,28.0,23.0,26.0,26.0
KEIZER Martijn,TEAM LOTTO NL - JUMBO,680,16711,16284,17701,20623,17710,18077,16330,3228,22072,18587,15360,17830,24603,2028,11775,16345,20936,17100,17868,13698,680,17391,33675,51376,71999,89709,107786,124116,127344,149416,168003,183363,201193,225796,227824,239599,255944,276880,293980,311848,325546,13,12,168.0,152.0,152.0,146.0,133.0,137.0,131.0,116.0,125.0,123.0,113.0,119.0,119.0,119.0,119.0,121.0,108.0,103.0,102.0
BOARO Manuele,TINKOFF,681,16711,16284,17529,20548,17204,18149,15410,3196,21101,17805,15360,16769,23856,1987,11775,16289,20485,17374,17213,13698,681,17392,33676,51205,71753,88957,107106,122516,125712,146813,164618,179978,196747,220603,222590,234365,250654,271139,288513,305726,319424,15,14,169.0,140.0,129.0,88.0,82.0,58.0,52.0,43.0,38.0,38.0,34.0,41.0,40.0,43.0,42.0,41.0,47.0,46.0,46.0
NIBALI Vincenzo,ASTANA PRO TEAM,682,16711,15825,17217,20439,16908,18068,15349,3238,20807,17805,15360,16386,22013,1849,10841,16289,20338,15594,16167,13698,682,17393,33218,50435,70874,87782,105850,121199,124437,145244,163049,178409,194795,216808,218657,229498,245787,266125,281719,297886,311584,16,15,11.0,4.0,4.0,8.0,7.0,5.0,4.0,4.0,4.0,4.0,4.0,2.0,3.0,4.0,4.0,4.0,2.0,1.0,1.0
HOWSON Damien,ORICA GREENEDGE,682,16711,16188,17463,20577,17036,18085,15850,3250,21399,17884,15360,17425,23272,1987,11775,16454,20936,16678,17603,13698,682,17393,33581,51044,71621,88657,106742,122592,125842,147241,165125,180485,197910,221182,223169,234944,251398,272334,289012,306615,320313,16,15,137.0,120.0,114.0,61.0,58.0,61.0,55.0,54.0,47.0,47.0,49.0,48.0,49.0,48.0,49.0,51.0,49.0,53.0,53.0
WISNIOWSKI Lukasz,ETIXX - QUICK-STEP,683,16711,15825,18183,20631,17855,18337,16330,3277,22509,18508,15360,18272,24603,2005,11819,16289,20936,17785,18469,13698,683,17394,33219,51402,72033,89888,108225,124555,127832,150341,168849,184209,202481,227084,229089,240908,257197,278133,295918,314387,328085,18,17,12.0,156.0,158.0,163.0,163.0,161.0,156.0,153.0,148.0,147.0,147.0,146.0,145.0,144.0,140.0,143.0,139.0,139.0,138.0
HEPBURN Michael,ORICA GREENEDGE,683,16711,15922,18183,20557,17855,18149,16330,3542,22927,18587,15360,18272,24603,2040,11819,16339,21017,17785,18469,13698,683,17394,33316,51499,72056,89911,108060,124390,127932,150859,169446,184806,203078,227681,229721,241540,257879,278896,296681,315150,328848,18,17,102.0,169.0,160.0,164.0,154.0,157.0,159.0,170.0,168.0,166.0,160.0,156.0,155.0,154.0,153.0,155.0,151.0,151.0,150.0
GENIEZ Alexandre,FDJ,684,16711,15922,0,0,0,0,0,0,0,0,0,0,0,0,0,0,0,0,0,0,684,17395,33317,33317,33317,33317,33317,33317,33317,33317,33317,33317,33317,33317,33317,33317,33317,33317,33317,33317,33317,20,19,103.0,,,,,,,,,,,,,,,,,,
KANGERT Tanel,ASTANA PRO TEAM,684,16711,15825,17254,20439,16941,18077,15408,3325,20941,17957,15360,16918,22688,1800,11331,16289,20338,16863,16294,13698,684,17395,33220,50474,70913,87854,105931,121339,124664,145605,163562,178922,195840,218528,220328,231659,247948,268286,285149,301443,315141,20,19,13.0,25.0,24.0,24.0,24.0,24.0,20.0,20.0,21.0,21.0,27.0,23.0,22.0,23.0,23.0,22.0,25.0,23.0,23.0
KRUIJSWIJK Steven,TEAM LOTTO NL - JUMBO,685,16711,15825,17216,20439,16901,18068,15346,3248,20807,17805,15360,16386,21976,1719,10734,16289,20338,15888,16256,13698,685,17396,33221,50437,70876,87777,105845,121191,124439,145246,163051,178411,194797,216773,218492,229226,245515,265853,281741,297997,311695,22,21,14.0,5.0,6.0,6.0,6.0,4.0,5.0,5.0,5.0,5.0,5.0,1.0,1.0,1.0,1.0,1.0,3.0,4.0,4.0
VALVERDE Alejandro,MOVISTAR TEAM,687,16711,15825,17217,20435,16901,18068,15346,3249,20803,17805,15360,16386,22156,1742,10734,16289,20338,15728,16180,13698,687,17398,33223,50440,70875,87776,105844,121190,124439,145242,163047,178407,194793,216949,218691,229425,245714,266052,281780,297960,311658,23,22,15.0,7.0,5.0,5.0,5.0,3.0,5.0,3.0,3.0,3.0,3.0,4.0,4.0,3.0,3.0,3.0,4.0,3.0,3.0
HOFLAND Moreno,TEAM LOTTO NL - JUMBO,688,16711,15825,17701,20435,17855,18242,16330,3455,22325,18587,15360,0,0,0,0,0,0,0,0,0,688,17399,33224,50925,71360,89215,107457,123787,127242,149567,168154,183514,183514,183514,183514,183514,183514,183514,183514,183514,183514,24,23,16.0,98.0,82.0,102.0,111.0,118.0,121.0,123.0,130.0,128.0,,,,,,,,,
TUFT Svein,ORICA GREENEDGE,689,16711,16284,18183,20557,17855,18185,16330,3443,22325,18587,15360,18272,24603,2123,11819,16339,20936,17785,18469,13698,689,17400,33684,51867,72424,90279,108464,124794,128237,150562,169149,184509,202781,227384,229507,241326,257665,278601,296386,314855,328553,25,24,170.0,183.0,172.0,172.0,171.0,170.0,170.0,160.0,159.0,158.0,156.0,152.0,150.0,149.0,149.0,151.0,147.0,147.0,146.0
NAVARDAUSKAS Ramunas,CANNONDALE PRO CYCLING TEAM,689,16711,16188,17571,20439,17855,18191,16330,3458,22513,18857,15360,18272,24603,2036,11775,16289,19874,17785,18469,13698,689,17400,33588,51159,71598,89453,107644,123974,127432,149945,168802,184162,202434,227037,229073,240848,257137,277011,294796,313265,326963,25,24,138.0,132.0,109.0,125.0,123.0,130.0,135.0,142.0,146.0,145.0,144.0,143.0,143.0,141.0,137.0,124.0,121.0,123.0,122.0
NIZZOLO Giacomo,TREK - SEGAFREDO,690,16711,15825,17282,20439,17855,18068,16330,3577,22325,17805,15360,18272,24603,2123,11775,16289,20936,17785,18469,13698,690,17401,33226,50508,70947,88802,106870,123200,126777,149102,166907,182267,200539,225142,227265,239040,255329,276265,294050,312519,326217,27,26,17.0,35.0,34.0,72.0,68.0,86.0,92.0,102.0,82.0,80.0,99.0,108.0,109.0,108.0,106.0,108.0,109.0,111.0,110.0
ZOIDL Riccardo,TREK - SEGAFREDO,691,16711,16284,17571,20631,17057,18242,15772,3513,20879,18587,15360,17116,22837,1886,11036,16454,20936,16863,16478,13698,691,17402,33686,51257,71888,88945,107187,122959,126472,147351,165938,181298,198414,221251,223137,234173,250627,271563,288426,304904,318602,28,27,171.0,143.0,142.0,85.0,89.0,72.0,74.0,56.0,57.0,56.0,52.0,50.0,48.0,41.0,41.0,46.0,46.0,39.0,39.0
FUGLSANG Jakob,ASTANA PRO TEAM,691,16711,15825,17217,20439,16884,18068,15397,3269,20803,17901,15360,16386,22156,1856,10934,16289,20625,15976,16589,13698,691,17402,33227,50444,70883,87767,105835,121232,124501,145304,163205,178565,194951,217107,218963,229897,246186,266811,282787,299376,313074,28,27,18.0,8.0,8.0,2.0,2.0,12.0,10.0,8.0,12.0,12.0,10.0,10.0,10.0,11.0,11.0,12.0,11.0,12.0,12.0
WELLENS Tim,LOTTO SOUDAL,691,16711,16188,17387,20782,16805,18242,16330,3402,22325,17805,15360,18272,23856,1815,11775,16454,21132,17785,18469,13698,691,17402,33590,50977,71759,88564,106806,123136,126538,148863,166668,182028,200300,224156,225971,237746,254200,275332,293117,311586,325284,28,27,139.0,110.0,131.0,55.0,61.0,84.0,79.0,91.0,73.0,72.0,87.0,83.0,75.0,74.0,80.0,87.0,92.0,97.0,96.0
ULISSI Diego,LAMPRE - MERIDA,692,16711,15825,17211,20439,16908,18068,15397,3317,20807,17792,15360,16563,23856,1791,10771,16324,20936,15656,16894,13698,692,17403,33228,50439,70878,87786,105854,121251,124568,145375,163167,178527,195090,218946,220737,231508,247832,268768,284424,301318,315016,31,30,19.0,6.0,7.0,10.0,9.0,16.0,15.0,13.0,10.0,10.0,16.0,28.0,25.0,22.0,22.0,25.0,22.0,22.0,22.0
ROCHE Nicholas,TEAM SKY,693,16711,15825,17217,20439,16925,18068,15550,3363,20941,18508,15360,16918,22459,1885,10934,16289,20338,15765,17567,13698,693,17404,33229,50446,70885,87810,105878,121428,124791,145732,164240,179600,196518,218977,220862,231796,248085,268423,284188,301755,315453,32,31,20.0,9.0,10.0,19.0,16.0,29.0,28.0,26.0,31.0,31.0,33.0,30.0,29.0,25.0,25.0,24.0,21.0,24.0,24.0
CHAVES Esteban,ORICA GREENEDGE,693,16711,15825,17217,20439,16894,18077,15346,3333,20803,17805,15360,16386,21976,1759,10776,16289,20338,15647,16263,13698,693,17404,33229,50446,70885,87779,105856,121202,124535,145338,163143,178503,194889,216865,218624,229400,245689,266027,281674,297937,311635,32,31,20.0,9.0,10.0,7.0,11.0,6.0,13.0,10.0,8.0,8.0,8.0,3.0,2.0,2.0,2.0,2.0,1.0,2.0,2.0
KUNG Stefan,BMC RACING TEAM,693,16711,15825,17282,20439,17583,18185,16079,3163,21804,17884,15360,18272,23447,1959,11775,16289,19857,17133,18469,13698,693,17404,33229,50511,70950,88533,106718,122797,125960,147764,165648,181008,199280,222727,224686,236461,252750,272607,289740,308209,321907,32,31,20.0,36.0,35.0,54.0,54.0,67.0,60.0,61.0,52.0,52.0,61.0,62.0,62.0,62.0,61.0,53.0,57.0,60.0,60.0
HOWARD Leigh,IAM CYCLING,693,16711,15825,17701,20528,17855,18068,16330,3376,22325,18857,15360,18272,24188,0,0,0,0,0,0,0,693,17404,33229,50930,71458,89313,107381,123711,127087,149412,168269,183629,201901,226089,226089,226089,226089,226089,226089,226089,226089,32,31,20.0,100.0,97.0,115.0,104.0,112.0,112.0,115.0,136.0,134.0,134.0,123.0,,,,,,,
MORENO Javier,MOVISTAR TEAM,694,16711,16188,17571,20666,17088,0,0,0,0,0,0,0,0,0,0,0,0,0,0,0,694,17405,33593,51164,71830,88918,88918,88918,88918,88918,88918,88918,88918,88918,88918,88918,88918,88918,88918,88918,88918,36,35,140.0,133.0,138.0,83.0,,,,,,,,,,,,,,,
DE BIE Sean,LOTTO SOUDAL,694,16711,15825,17387,20782,17855,18144,15727,3424,22325,18508,15360,17611,24603,1994,11775,16289,20936,17785,18469,13698,694,17405,33230,50617,71399,89254,107398,123125,126549,148874,167382,182742,200353,224956,226950,238725,255014,275950,293735,312204,325902,36,35,24.0,57.0,88.0,108.0,107.0,83.0,81.0,94.0,101.0,100.0,91.0,100.0,103.0,102.0,99.0,102.0,103.0,109.0,108.0
ZAKARIN Ilnur,TEAM KATUSHA,695,16711,15825,17217,20435,16884,18068,15346,3336,20807,17805,15360,16386,22125,1766,10742,16289,20338,0,0,0,695,17406,33231,50448,70883,87767,105835,121181,124517,145324,163129,178489,194875,217000,218766,229508,245797,266135,266135,266135,266135,38,37,25.0,11.0,8.0,2.0,2.0,2.0,11.0,9.0,7.0,7.0,7.0,7.0,6.0,5.0,5.0,5.0,,,
SERRY Pieter,ETIXX - QUICK-STEP,695,16711,15825,17382,20631,17583,18337,15850,3212,21787,18857,15360,17611,23700,1948,11811,16345,20625,17100,18469,13698,695,17406,33231,50613,71244,88827,107164,123014,126226,148013,166870,182230,199841,223541,225489,237300,253645,274270,291370,309839,323537,38,37,25.0,56.0,69.0,75.0,87.0,75.0,67.0,68.0,81.0,78.0,71.0,71.0,71.0,71.0,71.0,70.0,68.0,70.0,70.0
VISCONTI Giovanni,MOVISTAR TEAM,695,16711,15825,17254,20439,16973,18077,15410,3287,20803,17805,15360,16352,22688,1800,11355,16289,20355,16070,16230,13698,695,17406,33231,50485,70924,87897,105974,121384,124671,145474,163279,178639,194991,217679,219479,230834,247123,267478,283548,299778,313476,38,37,25.0,27.0,26.0,27.0,29.0,27.0,21.0,17.0,17.0,17.0,13.0,16.0,13.0,16.0,16.0,16.0,17.0,13.0,13.0
HESJEDAL Ryder,TREK - SEGAFREDO,696,16711,15825,17254,20439,16908,18077,15400,3283,20818,17805,15360,16462,0,0,0,0,0,0,0,0,696,17407,33232,50486,70925,87833,105910,121310,124593,145411,163216,178576,195038,195038,195038,195038,195038,195038,195038,195038,195038,41,40,28.0,28.0,27.0,21.0,21.0,21.0,16.0,14.0,13.0,13.0,14.0,,,,,,,,
PLAZA MOLINA Ruben,ORICA GREENEDGE,696,16711,16188,17463,20469,17057,18242,15550,3269,22927,18587,15360,17830,22752,1898,11775,16454,20821,16593,16871,13698,696,17407,33595,51058,71527,88584,106826,122376,125645,148572,167159,182519,200349,223101,224999,236774,253228,274049,290642,307513,321211,41,40,141.0,123.0,102.0,57.0,64.0,54.0,49.0,80.0,93.0,92.0,90.0,66.0,65.0,64.0,64.0,65.0,60.0,56.0,56.0
URAN URAN Rigoberto,CANNONDALE PRO CYCLING TEAM,696,16711,15825,17217,20439,16898,18068,15349,3357,20807,17805,15360,16386,22146,1917,11062,16289,20338,15728,16180,13698,696,17407,33232,50449,70888,87786,105854,121203,124560,145367,163172,178532,194918,217064,218981,230043,246332,266670,282398,298578,312276,41,40,28.0,12.0,12.0,10.0,9.0,7.0,14.0,12.0,11.0,11.0,9.0,8.0,12.0,12.0,12.0,11.0,8.0,7.0,7.0
TANKINK Bram,TEAM LOTTO NL - JUMBO,697,16711,15825,17330,20439,17583,18077,15727,3334,21452,17882,15360,17830,23856,2094,11775,16289,20821,16863,18469,13698,697,17408,33233,50563,71002,88585,106662,122389,125723,147175,165057,180417,198247,222103,224197,235972,252261,273082,289945,308414,322112,44,43,30.0,50.0,50.0,58.0,53.0,55.0,53.0,52.0,46.0,46.0,51.0,55.0,58.0,56.0,55.0,57.0,58.0,61.0,61.0
DE LA CRUZ David,ETIXX - QUICK-STEP,697,16711,15825,17254,20439,16941,18077,15500,3272,21240,18333,15360,17830,22636,1809,0,0,0,0,0,0,697,17408,33233,50487,70926,87867,105944,121444,124716,145956,164289,179649,197479,220115,221924,221924,221924,221924,221924,221924,221924,44,43,30.0,29.0,28.0,25.0,25.0,30.0,27.0,33.0,33.0,33.0,44.0,36.0,36.0,,,,,,
TJALLINGII Maarten,TEAM LOTTO NL - JUMBO,697,16819,16081,18183,20666,17855,18185,16330,3181,22325,18587,15360,18272,23856,2019,11775,16345,20936,17475,18469,13661,697,17516,33597,51780,72446,90301,108486,124816,127997,150322,168909,184269,202541,226397,228416,240191,256536,277472,294947,313416,327077,44,190,142.0,174.0,174.0,174.0,174.0,172.0,162.0,152.0,151.0,150.0,150.0,130.0,128.0,127.0,127.0,132.0,124.0,125.0,124.0
GREIPEL Andr&#233;,LOTTO SOUDAL,697,16711,15825,17463,20435,17855,18068,16330,3526,22325,18508,15360,0,0,0,0,0,0,0,0,0,697,17408,33233,50696,71131,88986,107054,123384,126910,149235,167743,183103,183103,183103,183103,183103,183103,183103,183103,183103,183103,44,43,30.0,68.0,62.0,90.0,79.0,96.0,98.0,110.0,117.0,115.0,,,,,,,,,
CASTELIJNS Twan,TEAM LOTTO NL - JUMBO,698,16711,16284,17701,20631,17855,18142,16330,3404,22072,18587,15360,17830,23856,2004,11775,16345,20936,17785,18469,13698,698,17409,33693,51394,72025,89880,108022,124352,127756,149828,168415,183775,201605,225461,227465,239240,255585,276521,294306,312775,326473,48,46,173.0,153.0,154.0,159.0,152.0,155.0,154.0,137.0,140.0,139.0,123.0,113.0,113.0,112.0,112.0,113.0,113.0,115.0,114.0
ROELANDTS Jurgen,LOTTO SOUDAL,698,16711,16188,17571,20516,17855,18077,16330,3323,22325,18086,15360,0,0,0,0,0,0,0,0,0,698,17409,33597,51168,71684,89539,107616,123946,127269,149594,167680,183040,183040,183040,183040,183040,183040,183040,183040,183040,183040,48,46,142.0,134.0,121.0,131.0,122.0,129.0,124.0,125.0,112.0,110.0,,,,,,,,,
VOROBYEV Anton,TEAM KATUSHA,698,16711,16284,17701,20631,17855,18242,16330,3135,22325,18255,15360,18272,23856,2041,11811,16289,20936,17100,17852,13698,698,17409,33693,51394,72025,89880,108122,124452,127587,149912,168167,183527,201799,225655,227696,239507,255796,276732,293832,311684,325382,48,46,173.0,153.0,154.0,159.0,157.0,158.0,146.0,141.0,131.0,129.0,130.0,117.0,117.0,118.0,117.0,118.0,107.0,101.0,100.0
BAK Lars Ytting,LOTTO SOUDAL,698,16784,15875,17463,20666,17855,18242,16330,3336,21623,17957,15360,18272,23856,1978,11775,16339,20936,17210,18469,0,698,17482,33357,50820,71486,89341,107583,123913,127249,148872,166829,182189,200461,224317,226295,238070,254409,275345,292555,311024,311024,48,179,111.0,82.0,100.0,119.0,119.0,124.0,122.0,93.0,79.0,76.0,94.0,84.0,85.0,84.0,84.0,88.0,86.0,91.0,
KONOVALOVAS Ignatas,FDJ,698,16711,16188,17387,20507,17855,18089,16330,3493,22927,18857,15360,18272,24188,1997,11775,16345,20936,17785,18469,13698,698,17409,33597,50984,71491,89346,107435,123765,127258,150185,169042,184402,202674,226862,228859,240634,256979,277915,295700,314169,327867,48,46,142.0,111.0,101.0,120.0,108.0,115.0,123.0,149.0,155.0,154.0,153.0,139.0,137.0,136.0,134.0,137.0,134.0,135.0,134.0
VIVIANI Elia,TEAM SKY,699,16711,15825,18183,20511,17855,18068,18571,0,0,0,0,0,0,0,0,0,0,0,0,0,699,17410,33235,51418,71929,89784,107852,126423,126423,126423,126423,126423,126423,126423,126423,126423,126423,126423,126423,126423,126423,53,50,33.0,158.0,147.0,153.0,140.0,189.0,,,,,,,,,,,,,
QUINZIATO Manuel,BMC RACING TEAM,699,16711,15825,17529,20631,17855,18185,16330,3429,22325,18587,15360,18272,23856,2060,11775,16345,20936,17785,18469,13698,699,17410,33235,50764,71395,89250,107435,123765,127194,149519,168106,183466,201738,225594,227654,239429,255774,276710,294495,312964,326662,53,50,33.0,75.0,86.0,106.0,108.0,115.0,118.0,121.0,128.0,126.0,127.0,116.0,116.0,116.0,116.0,117.0,116.0,118.0,117.0
OSS Daniel,BMC RACING TEAM,699,16711,16006,17571,20782,17855,18242,16330,3370,22325,18086,15614,18272,24603,2022,11775,16356,19802,17785,18469,13698,699,17410,33416,50987,71769,89624,107866,124196,127566,149891,167977,183591,201863,226466,228488,240263,256619,276421,294206,312675,326373,53,50,127.0,112.0,133.0,139.0,141.0,143.0,145.0,140.0,123.0,132.0,132.0,132.0,129.0,128.0,128.0,110.0,110.0,112.0,111.0
KNEES Christian,TEAM SKY,699,16711,15825,17581,20543,17855,18068,16330,3304,21365,18857,15360,17611,23856,2009,11775,16289,19610,17100,18469,13698,699,17410,33235,50816,71359,89214,107282,123612,126916,148281,167138,182498,200109,223965,225974,237749,254038,273648,290748,309217,322915,53,50,33.0,81.0,81.0,101.0,98.0,107.0,99.0,72.0,92.0,91.0,80.0,75.0,76.0,75.0,74.0,62.0,62.0,66.0,66.0
BETANCUR Carlos A.,MOVISTAR TEAM,700,16711,15825,17282,20461,17710,18149,15975,3326,21365,17805,15360,17830,24603,1926,11833,16389,20936,0,0,0,700,17411,33236,50518,70979,88689,106838,122813,126139,147504,165309,180669,198499,223102,225028,236861,253250,274186,274186,274186,274186,57,54,36.0,40.0,45.0,66.0,65.0,68.0,63.0,58.0,49.0,49.0,54.0,67.0,67.0,66.0,66.0,69.0,,,
SEROV Alexander,GAZPROM - RUSVELO,700,16711,16120,17701,20671,17855,18085,16079,3284,22325,18587,15360,18272,24603,1961,11775,16289,20936,17785,18469,13698,700,17411,33531,51232,71903,89758,107843,123922,127206,149531,168118,183478,201750,226353,228314,240089,256378,277314,295099,313568,327266,57,54,131.0,141.0,143.0,150.0,139.0,126.0,120.0,122.0,129.0,127.0,128.0,129.0,126.0,123.0,123.0,128.0,127.0,129.0,128.0
TCATEVITCH Alexey,TEAM KATUSHA,700,16711,15825,17279,20435,17710,18068,15400,3775,0,0,0,0,0,0,0,0,0,0,0,0,700,17411,33236,50515,70950,88660,106728,122128,125903,125903,125903,125903,125903,125903,125903,125903,125903,125903,125903,125903,125903,57,54,36.0,38.0,35.0,62.0,55.0,47.0,58.0,,,,,,,,,,,,
MAJKA Rafal,TINKOFF,701,16711,15825,17217,20439,16898,18068,15349,3281,20807,17805,15360,16386,22125,1788,10784,16289,20338,15728,16249,13698,701,17412,33237,50454,70893,87791,105859,121208,124489,145296,163101,178461,194847,216972,218760,229544,245833,266171,281899,298148,311846,60,57,38.0,13.0,13.0,12.0,12.0,8.0,9.0,7.0,6.0,6.0,6.0,6.0,5.0,6.0,6.0,6.0,5.0,5.0,5.0
PORSEV Alexander,TEAM KATUSHA,701,16711,15825,18183,20439,17855,18068,16330,3533,22927,18508,15360,18272,24603,2156,11819,16289,20936,17785,18469,13698,701,17412,33237,51420,71859,89714,107782,124112,127645,150572,169080,184440,202712,227315,229471,241290,257579,278515,296300,314769,328467,60,57,38.0,159.0,139.0,147.0,132.0,136.0,151.0,161.0,157.0,156.0,154.0,151.0,149.0,148.0,147.0,149.0,146.0,146.0,145.0
PERAUD Jean Christophe,AG2R LA MONDIALE,701,16711,0,0,0,0,0,0,0,0,0,0,0,0,0,0,0,0,0,0,0,701,17412,17412,17412,17412,17412,17412,17412,17412,17412,17412,17412,17412,17412,17412,17412,17412,17412,17412,17412,17412,60,57,,,,,,,,,,,,,,,,,,,
TAARAMAE Rein,TEAM KATUSHA,701,16711,15825,17217,20439,16908,18068,15400,3437,22072,17805,15360,17425,23447,1796,10934,16289,20423,16863,15763,13698,701,17412,33237,50454,70893,87801,105869,121269,124706,146778,164583,179943,197368,220815,222611,233545,249834,270257,287120,302883,316581,60,57,38.0,13.0,13.0,14.0,14.0,18.0,25.0,41.0,36.0,36.0,39.0,45.0,41.0,36.0,36.0,36.0,35.0,29.0,29.0
MONFORT Maxime,LOTTO SOUDAL,701,16711,15825,17282,20439,16941,18068,15410,3298,20941,17805,15360,16563,22288,1907,11497,16289,20355,15774,16492,13698,701,17412,33237,50519,70958,87899,105967,121377,124675,145616,163421,178781,195344,217632,219539,231036,247325,267680,283454,299946,313644,60,57,38.0,41.0,41.0,28.0,27.0,26.0,23.0,22.0,20.0,20.0,20.0,15.0,16.0,19.0,19.0,19.0,14.0,15.0,15.0
VAUGRENARD Benoit,FDJ,703,16779,15825,17571,20666,17855,18185,16330,3284,22927,18857,15360,17830,23856,1995,11288,16345,20936,16913,17567,13698,703,17482,33307,50878,71544,89399,107584,123914,127198,150125,168982,184342,202172,226028,228023,239311,255656,276592,293505,311072,324770,65,179,101.0,94.0,104.0,123.0,120.0,125.0,119.0,147.0,153.0,152.0,140.0,122.0,122.0,113.0,114.0,115.0,99.0,92.0,91.0
DEMARE Arnaud,FDJ,703,16711,15825,17387,20435,17855,18068,16330,3566,22927,18857,15360,18272,0,0,0,0,0,0,0,0,703,17414,33239,50626,71061,88916,106984,123314,126880,149807,168664,184024,202296,202296,202296,202296,202296,202296,202296,202296,202296,65,62,42.0,60.0,53.0,82.0,73.0,95.0,96.0,135.0,143.0,142.0,141.0,,,,,,,,
LANDA Mikel,TEAM SKY,703,16711,15825,17217,20439,16908,18068,15346,3245,0,0,0,0,0,0,0,0,0,0,0,0,703,17414,33239,50456,70895,87803,105871,121217,124462,124462,124462,124462,124462,124462,124462,124462,124462,124462,124462,124462,124462,65,62,42.0,15.0,15.0,15.0,15.0,10.0,8.0,,,,,,,,,,,,
MCCARTHY Jay,TINKOFF,703,16711,15922,17253,20480,17710,18242,15727,3434,22927,18587,15360,18272,23937,2112,11775,16289,19874,17024,18469,13698,703,17414,33336,50589,71069,88779,107021,122748,126182,149109,167696,183056,201328,225265,227377,239152,255441,275315,292339,310808,324506,65,62,105.0,53.0,55.0,69.0,77.0,64.0,65.0,103.0,114.0,111.0,117.0,110.0,112.0,111.0,110.0,86.0,80.0,88.0,88.0
SIUTSOU Kanstantsin,TEAM DIMENSION DATA,703,16711,15825,17217,20439,16889,18068,15400,3380,20816,17805,15360,16475,22013,1838,10934,16289,20350,15947,16392,13698,703,17414,33239,50456,70895,87784,105852,121252,124632,145448,163253,178613,195088,217101,218939,229873,246162,266512,282459,298851,312549,65,62,42.0,15.0,15.0,9.0,8.0,17.0,17.0,16.0,16.0,16.0,15.0,9.0,9.0,10.0,10.0,10.0,9.0,10.0,10.0
PIRAZZI Stefano,BARDIANI CSF,703,16711,15825,17217,20439,16922,18077,15400,3339,20812,17805,15360,16609,22357,1932,11451,16289,20355,16040,16661,13698,703,17414,33239,50456,70895,87817,105894,121294,124633,145445,163250,178610,195219,217576,219508,230959,247248,267603,283643,300304,314002,65,62,42.0,15.0,15.0,20.0,20.0,20.0,18.0,15.0,15.0,15.0,18.0,13.0,14.0,17.0,17.0,17.0,18.0,18.0,18.0
SENNI Manuel,BMC RACING TEAM,704,16711,15922,17701,20631,17551,18242,16330,3494,21069,18587,15527,17611,22752,2060,11497,16454,20936,17785,18469,13698,704,17415,33337,51038,71669,89220,107462,123792,127286,148355,166942,182469,200080,222832,224892,236389,252843,273779,291564,310033,323731,71,67,106.0,119.0,119.0,103.0,113.0,119.0,125.0,73.0,83.0,88.0,77.0,63.0,63.0,60.0,62.0,64.0,72.0,76.0,76.0
BETTIOL Alberto,CANNONDALE PRO CYCLING TEAM,704,16711,15825,17571,20439,17855,18103,16330,3453,21452,18857,15360,17611,23856,1988,11775,16289,20936,17100,18469,13698,704,17415,33240,50811,71250,89105,107208,123538,126991,148443,167300,182660,200271,224127,226115,237890,254179,275115,292215,310684,324382,71,67,46.0,78.0,70.0,94.0,91.0,105.0,104.0,77.0,98.0,97.0,85.0,81.0,81.0,81.0,79.0,82.0,78.0,86.0,86.0
SUTTERLIN Jasha,MOVISTAR TEAM,704,16784,16637,18183,20666,17855,18077,15410,3221,22325,18508,15360,17830,24603,1995,11775,16289,20936,17100,18469,13698,704,17488,34125,52308,72974,90829,108906,124316,127537,149862,168370,183730,201560,226163,228158,239933,256222,277158,294258,312727,326425,71,182,196.0,195.0,190.0,190.0,185.0,151.0,142.0,139.0,139.0,137.0,122.0,125.0,123.0,122.0,122.0,125.0,112.0,114.0,113.0
AGNOLI Valerio,ASTANA PRO TEAM,704,16711,15825,17387,20543,17068,18077,15850,3425,21452,18857,0,0,0,0,0,0,0,0,0,0,704,17415,33240,50627,71170,88238,106315,122165,125590,147042,165899,165899,165899,165899,165899,165899,165899,165899,165899,165899,165899,71,67,46.0,61.0,63.0,47.0,44.0,49.0,46.0,49.0,56.0,,,,,,,,,,
BOBRIDGE Jack,TREK - SEGAFREDO,705,16711,16284,18183,20972,17972,18489,16330,3310,22927,18587,15527,18272,24603,2075,11811,16454,20936,17785,18469,13698,705,17416,33700,51883,72855,90827,109316,125646,128956,151883,170470,185997,204269,228872,230947,242758,259212,280148,297933,316402,330100,75,70,176.0,185.0,189.0,189.0,188.0,185.0,183.0,180.0,178.0,180.0,173.0,167.0,164.0,163.0,162.0,161.0,157.0,157.0,156.0
LOPEZ GARCIA David,TEAM SKY,705,16711,16188,17217,20782,17021,18185,15975,3614,22927,18508,15360,17611,23658,1831,10772,16454,20936,16863,18469,13698,705,17416,33604,50821,71603,88624,106809,122784,126398,149325,167833,183193,200804,224462,226293,237065,253519,274455,291318,309787,323485,75,70,146.0,83.0,110.0,59.0,62.0,66.0,72.0,111.0,119.0,117.0,105.0,88.0,84.0,68.0,68.0,72.0,67.0,69.0,69.0
ZABEL Rick,BMC RACING TEAM,705,16711,15825,17701,20435,17855,18068,16330,3482,22927,18857,15360,18272,24603,2021,11819,16289,20936,17785,18469,13698,705,17416,33241,50942,71377,89232,107300,123630,127112,150039,168896,184256,202528,227131,229152,240971,257260,278196,295981,314450,328148,75,70,48.0,101.0,85.0,105.0,99.0,108.0,114.0,146.0,149.0,148.0,148.0,148.0,146.0,145.0,143.0,145.0,141.0,141.0,140.0
ROSSKOPF Joseph,BMC RACING TEAM,705,16711,16188,17701,20493,17855,18149,15975,3551,22325,17901,15360,18272,23856,1952,11775,16289,20936,17785,16802,13698,705,17416,33604,51305,71798,89653,107802,123777,127328,149653,167554,182914,201186,225042,226994,238769,255058,275994,293779,310581,324279,75,70,146.0,146.0,136.0,143.0,134.0,117.0,128.0,129.0,108.0,106.0,112.0,105.0,104.0,103.0,102.0,105.0,106.0,85.0,85.0
TIMMER Albert,TEAM GIANT - ALPECIN,705,16754,15922,18183,20972,17972,18169,16330,3288,22927,18587,15360,18272,24188,1966,11775,16307,20005,17148,18420,13698,705,17459,33381,51564,72536,90508,108677,125007,128295,151222,169809,185169,203441,227629,229595,241370,257677,277682,294830,313250,326948,75,163,120.0,172.0,180.0,184.0,181.0,179.0,173.0,177.0,175.0,173.0,167.0,153.0,152.0,151.0,150.0,134.0,122.0,122.0,121.0
SUTHERLAND Rory,MOVISTAR TEAM,705,16784,16184,17701,20666,17710,18407,15975,3354,21694,18587,15360,17830,23856,1879,11775,16454,20936,16663,17868,13698,705,17489,33673,51374,72040,89750,108157,124132,127486,149180,167767,183127,200957,224813,226692,238467,254921,275857,292520,310388,324086,75,183,167.0,151.0,159.0,149.0,159.0,138.0,139.0,108.0,118.0,116.0,108.0,96.0,94.0,93.0,94.0,98.0,84.0,80.0,80.0
CLARKE Simon,CANNONDALE PRO CYCLING TEAM,706,16711,15825,17571,20631,17583,18068,15550,3558,22325,18587,15360,17611,23856,2005,11811,16289,20936,16003,18469,13698,706,17417,33242,50813,71444,89027,107095,122645,126203,148528,167115,182475,200086,223942,225947,237758,254047,274983,290986,309455,323153,81,74,49.0,79.0,93.0,92.0,80.0,62.0,66.0,78.0,90.0,89.0,78.0,74.0,74.0,76.0,75.0,79.0,64.0,67.0,67.0
WYSS Marcel,IAM CYCLING,706,16711,15825,17306,20451,17015,18077,15530,3384,20941,18857,15360,18272,22752,1993,11775,16345,20625,15953,17208,13698,706,17417,33242,50548,70999,88014,106091,121621,125005,145946,164803,180163,198435,221187,223180,234955,251300,271925,287878,305086,318784,81,74,49.0,48.0,48.0,37.0,37.0,36.0,32.0,31.0,40.0,40.0,53.0,49.0,50.0,49.0,48.0,48.0,41.0,40.0,40.0
OVECHKIN Artem,GAZPROM - RUSVELO,706,16711,16188,18183,20782,17855,18242,16330,3281,22325,18587,15614,18272,24603,1896,11775,16289,20936,17432,18469,13698,706,17417,33605,51788,72570,90425,108667,124997,128278,150603,169190,184804,203076,227679,229575,241350,257639,278575,296007,314476,328174,81,74,148.0,176.0,182.0,181.0,179.0,178.0,171.0,163.0,161.0,165.0,159.0,155.0,151.0,150.0,148.0,150.0,143.0,143.0,142.0
ERSHOV Artur,GAZPROM - RUSVELO,706,16711,15825,18183,20782,17972,18489,16522,3536,22927,18857,15360,18272,24603,0,0,0,0,0,0,0,706,17417,33242,51425,72207,90179,108668,125190,128726,151653,170510,185870,204142,228745,228745,228745,228745,228745,228745,228745,228745,81,74,49.0,160.0,167.0,170.0,180.0,181.0,180.0,179.0,180.0,178.0,171.0,165.0,,,,,,,
GRETSCH Patrick,AG2R LA MONDIALE,707,16711,15922,17795,20631,17855,18149,16330,3203,22325,18587,15360,0,0,0,0,0,0,0,0,0,707,17418,33340,51135,71766,89621,107770,124100,127303,149628,168215,183575,183575,183575,183575,183575,183575,183575,183575,183575,183575,85,78,107.0,129.0,132.0,138.0,130.0,134.0,126.0,128.0,133.0,130.0,,,,,,,,,
BRUTT Pavel,TINKOFF,707,16711,15825,17571,20631,17855,18077,16330,3354,22072,17934,15360,18272,24603,2022,11775,16289,19841,17256,18469,13698,707,17418,33243,50814,71445,89300,107377,123707,127061,149133,167067,182427,200699,225302,227324,239099,255388,275229,292485,310954,324652,85,78,52.0,80.0,94.0,113.0,103.0,110.0,108.0,105.0,86.0,84.0,101.0,111.0,110.0,109.0,109.0,83.0,83.0,90.0,90.0
AMEZQUETA Julen,WILIER TRIESTINA - SOUTHEAST,708,16711,16079,18183,20666,17855,18242,16330,3390,22325,18587,15360,17611,24603,1943,11775,16289,19802,17785,18469,13698,708,17419,33498,51681,72347,90202,108444,124774,128164,150489,169076,184436,202047,226650,228593,240368,256657,276459,294244,312713,326411,87,80,129.0,173.0,170.0,171.0,170.0,169.0,166.0,158.0,156.0,155.0,138.0,136.0,133.0,132.0,130.0,111.0,111.0,113.0,112.0
SCARPONI Michele,ASTANA PRO TEAM,708,16711,15825,17217,20439,16908,18077,15400,3539,20828,18857,15360,16436,22156,1755,11062,16289,20355,15975,16263,13698,708,17419,33244,50461,70900,87808,105885,121285,124824,145652,164509,179869,196305,218461,220216,231278,247567,267922,283897,300160,313858,87,80,53.0,19.0,19.0,17.0,18.0,19.0,30.0,25.0,35.0,35.0,30.0,22.0,21.0,21.0,21.0,21.0,20.0,16.0,16.0
COLEDAN Marco,TREK - SEGAFREDO,708,16711,15841,18183,20631,17855,18068,16330,3379,22325,17951,15360,18272,24603,2089,11811,16289,20936,17785,18469,13698,708,17419,33260,51443,72074,89929,107997,124327,127706,150031,167982,183342,201614,226217,228306,240117,256406,277342,295127,313596,327294,87,80,71.0,163.0,161.0,166.0,149.0,152.0,152.0,145.0,124.0,121.0,124.0,126.0,125.0,124.0,124.0,129.0,128.0,130.0,129.0
LIGTHART Pim,LOTTO SOUDAL,708,16711,16120,17701,20557,17852,18407,16330,3414,22325,18100,15360,18272,24603,2080,11819,16289,20561,17785,18469,13698,708,17419,33539,51240,71797,89649,108056,124386,127800,150125,168225,183585,201857,226460,228540,240359,256648,277209,294994,313463,327161,87,80,132.0,142.0,135.0,142.0,153.0,156.0,155.0,147.0,134.0,131.0,131.0,131.0,131.0,131.0,129.0,126.0,125.0,127.0,126.0
TOSATTO Matteo,TINKOFF,708,16711,16188,17529,20474,17855,18149,16330,3437,22072,17934,15360,18272,23856,2069,11775,16289,20936,17785,18469,13698,708,17419,33607,51136,71610,89465,107614,123944,127381,149453,167387,182747,201019,224875,226944,238719,255008,275944,293729,312198,325896,87,80,149.0,130.0,111.0,126.0,121.0,128.0,132.0,119.0,103.0,102.0,109.0,97.0,102.0,101.0,98.0,101.0,102.0,108.0,107.0
BEWLEY Sam,ORICA GREENEDGE,709,16756,16184,18183,20631,17855,18149,16330,3575,22072,18587,15360,18272,24188,2116,11833,16339,20936,17785,17588,13698,709,17465,33649,51832,72463,90318,108467,124797,128372,150444,169031,184391,202663,226851,228967,240800,257139,278075,295860,313448,327146,92,170,163.0,180.0,176.0,176.0,173.0,171.0,177.0,156.0,154.0,153.0,152.0,138.0,139.0,138.0,139.0,142.0,138.0,126.0,125.0
LAENGEN Vegard Stake,IAM CYCLING,709,16711,16081,17701,20610,17855,18313,16330,3122,22325,18156,15360,18272,23856,1926,11775,16454,20936,17024,16980,13698,709,17420,33501,51202,71812,89667,107980,124310,127432,149757,167913,183273,201545,225401,227327,239102,255556,276492,293516,310496,324194,92,85,130.0,138.0,137.0,144.0,148.0,150.0,135.0,132.0,121.0,119.0,121.0,112.0,111.0,110.0,111.0,112.0,100.0,83.0,83.0
VAN POPPEL Boy,TREK - SEGAFREDO,709,16711,15825,17701,20631,18052,18077,18571,0,0,0,0,0,0,0,0,0,0,0,0,0,709,17420,33245,50946,71577,89629,107706,126277,126277,126277,126277,126277,126277,126277,126277,126277,126277,126277,126277,126277,126277,92,85,54.0,102.0,106.0,140.0,127.0,188.0,,,,,,,,,,,,,
SABATINI Fabio,ETIXX - QUICK-STEP,709,16711,15825,17701,20671,17855,18337,16330,3306,22325,18508,15360,18272,24188,0,0,0,0,0,0,0,709,17420,33245,50946,71617,89472,107809,124139,127445,149770,168278,183638,201910,226098,226098,226098,226098,226098,226098,226098,226098,92,85,54.0,102.0,112.0,127.0,135.0,139.0,137.0,133.0,137.0,135.0,135.0,124.0,,,,,,,
VENTER Jacobus,TEAM DIMENSION DATA,709,16822,15876,17701,20530,17855,18191,15333,3480,22325,18508,15360,17611,24116,1937,11819,16369,20936,17785,18469,13698,709,17531,33407,51108,71638,89493,107684,123017,126497,148822,167330,182690,200301,224417,226354,238173,254542,275478,293263,311732,325430,92,195,126.0,127.0,116.0,130.0,125.0,76.0,76.0,89.0,100.0,99.0,88.0,87.0,87.0,86.0,86.0,91.0,95.0,102.0,101.0
POZZOVIVO Domenico,AG2R LA MONDIALE,710,16711,15825,17217,20439,16889,18068,15349,3324,20807,17882,15360,16386,22156,1851,10841,16289,20338,16069,18469,13698,710,17421,33246,50463,70902,87791,105859,121208,124532,145339,163221,178581,194967,217123,218974,229815,246104,266442,282511,300980,314678,97,88,56.0,20.0,20.0,12.0,12.0,8.0,12.0,11.0,14.0,14.0,12.0,11.0,11.0,9.0,9.0,9.0,10.0,20.0,20.0
BERTAZZO Liam,WILIER TRIESTINA - SOUTHEAST,710,16711,15825,17701,20478,17855,18101,16330,3380,22325,18508,15423,18421,0,0,0,0,0,0,0,0,710,17421,33246,50947,71425,89280,107381,123711,127091,149416,167924,183347,201768,201768,201768,201768,201768,201768,201768,201768,201768,97,88,56.0,104.0,91.0,111.0,104.0,112.0,113.0,116.0,122.0,122.0,129.0,,,,,,,,
CONTI Valerio,LAMPRE - MERIDA,710,16711,15825,17282,20451,17057,18077,15550,3449,20941,17805,15360,16918,23856,1894,11021,16289,20355,16144,16894,13698,710,17421,33246,50528,70979,88036,106113,121663,125112,146053,163858,179218,196136,219992,221886,232907,249196,269551,285695,302589,316287,97,88,56.0,45.0,45.0,40.0,40.0,37.0,37.0,34.0,27.0,27.0,28.0,34.0,35.0,33.0,32.0,31.0,26.0,27.0,27.0
WARBASSE Lawrence,IAM CYCLING,710,16711,15922,17701,20666,17855,0,0,0,0,0,0,0,0,0,0,0,0,0,0,0,710,17421,33343,51044,71710,89565,89565,89565,89565,89565,89565,89565,89565,89565,89565,89565,89565,89565,89565,89565,89565,97,88,108.0,120.0,122.0,132.0,,,,,,,,,,,,,,,
MARTINEZ Daniel,WILIER TRIESTINA - SOUTHEAST,710,16711,15825,17618,20666,17855,18337,16330,3464,22072,17934,15360,18272,23856,1859,11775,16324,20936,17100,17868,13698,710,17421,33246,50864,71530,89385,107722,124052,127516,149588,167522,182882,201154,225010,226869,238644,254968,275904,293004,310872,324570,97,88,56.0,93.0,103.0,122.0,128.0,133.0,140.0,124.0,105.0,104.0,110.0,103.0,98.0,97.0,96.0,99.0,90.0,89.0,89.0
COLBRELLI Sonny,BARDIANI CSF,711,16711,16188,17217,20435,17855,18103,15975,3501,22072,17805,15360,18272,24188,1915,11775,16289,20936,17785,18469,13698,711,17422,33610,50827,71262,89117,107220,123195,126696,148768,166573,181933,200205,224393,226308,238083,254372,275308,293093,311562,325260,102,93,151.0,84.0,71.0,96.0,92.0,85.0,87.0,86.0,71.0,70.0,83.0,86.0,86.0,85.0,83.0,85.0,91.0,96.0,95.0
DENIFL Stefan,IAM CYCLING,711,16809,16188,17463,20856,17855,18407,15854,3258,22325,17957,15614,16386,22752,2000,11775,16454,20936,16040,16725,13698,711,17520,33708,51171,72027,89882,108289,124143,127401,149726,167683,183297,199683,222435,224435,236210,252664,273600,289640,306365,320063,102,192,177.0,136.0,156.0,161.0,166.0,141.0,133.0,131.0,113.0,120.0,68.0,59.0,59.0,59.0,59.0,61.0,56.0,52.0,52.0
ARNDT Nikias,TEAM GIANT - ALPECIN,712,16711,16120,17316,20458,18052,18068,15509,3425,22325,18374,15360,18272,24188,1979,11775,16289,19564,17812,18420,13698,712,17423,33543,50859,71317,89369,107437,122946,126371,148696,167070,182430,200702,224890,226869,238644,254933,274497,292309,310729,324427,104,94,133.0,92.0,77.0,121.0,110.0,71.0,71.0,84.0,87.0,85.0,102.0,98.0,98.0,97.0,95.0,74.0,79.0,87.0,87.0
FORMOLO Davide,CANNONDALE PRO CYCLING TEAM,713,16711,15825,17217,20439,16941,18077,15400,3383,20818,17805,15360,16436,23634,1917,11062,16316,20936,16863,17257,13698,713,17424,33249,50466,70905,87846,105923,121323,124706,145524,163329,178689,195125,218759,220676,231738,248054,268990,285853,303110,316808,105,95,60.0,22.0,21.0,23.0,23.0,23.0,25.0,19.0,19.0,19.0,17.0,24.0,24.0,24.0,24.0,26.0,28.0,31.0,31.0
FIRSANOV Sergey,GAZPROM - RUSVELO,713,16711,15825,17217,20439,16904,18077,15349,3421,20818,17805,15360,17135,23937,1749,10772,16289,20936,17100,16392,13698,713,17424,33249,50466,70905,87809,105886,121235,124656,145474,163279,178639,195774,219711,221460,232232,248521,269457,286557,302949,316647,105,95,60.0,22.0,21.0,18.0,19.0,14.0,19.0,17.0,17.0,17.0,25.0,33.0,32.0,27.0,27.0,29.0,32.0,30.0,30.0
DOMBROWSKI Joseph Lloyd,CANNONDALE PRO CYCLING TEAM,713,16711,16284,17282,20671,16908,18242,15850,3501,20941,18587,15360,16386,22560,1771,11592,16454,20936,16863,15840,13698,713,17424,33708,50990,71661,88569,106811,122661,126162,147103,165690,181050,197436,219996,221767,233359,249813,270749,287612,303452,317150,105,95,177.0,113.0,118.0,56.0,63.0,63.0,64.0,50.0,53.0,53.0,41.0,35.0,34.0,35.0,35.0,39.0,39.0,34.0,34.0
BRAMBILLA Gianluca,ETIXX - QUICK-STEP,713,16711,15825,17217,20439,16937,18077,15245,3230,20879,17882,15360,16446,23856,1924,11775,16329,19534,16678,16256,13698,713,17424,33249,50466,70905,87842,105919,121164,124394,145273,163155,178515,194961,218817,220741,232516,248845,268379,285057,301313,315011,105,95,60.0,22.0,21.0,22.0,22.0,1.0,2.0,6.0,9.0,9.0,11.0,25.0,26.0,29.0,29.0,23.0,24.0,21.0,21.0
ROJAS GIL Jose Joaquin,MOVISTAR TEAM,713,16711,15825,17463,20471,17583,18077,15382,3374,21365,17805,15360,17083,23447,2060,11775,16289,20821,16663,17868,13698,713,17424,33249,50712,71183,88766,106843,122225,125599,146964,164769,180129,197212,220659,222719,234494,250783,271604,288267,306135,319833,105,95,60.0,70.0,65.0,68.0,66.0,50.0,47.0,46.0,39.0,39.0,37.0,42.0,45.0,46.0,45.0,47.0,45.0,49.0,49.0
DEIGNAN Philip,TEAM SKY,713,16784,15922,17282,20631,17583,18242,16330,3377,22325,18508,15360,18272,23856,1944,11775,16454,20936,0,0,0,713,17497,33419,50701,71332,88915,107157,123487,126864,149189,167697,183057,201329,225185,227129,238904,255358,276294,276294,276294,276294,105,185,128.0,69.0,79.0,81.0,86.0,99.0,95.0,109.0,115.0,112.0,118.0,109.0,107.0,106.0,107.0,109.0,,,
HOULE Hugo,AG2R LA MONDIALE,713,16711,16188,17282,20472,17583,18149,16330,3296,21694,18857,15360,17611,23856,2034,11775,16454,20936,16139,18469,13698,713,17424,33612,50894,71366,88949,107098,123428,126724,148418,167275,182635,200246,224102,226136,237911,254365,275301,291440,309909,323607,105,95,152.0,95.0,83.0,86.0,81.0,97.0,89.0,76.0,97.0,96.0,84.0,80.0,82.0,82.0,82.0,84.0,69.0,72.0,72.0
HENAO Sebastian,TEAM SKY,713,16711,15825,17254,20439,17022,18077,15711,3345,20812,17882,15360,16436,22208,1815,10934,16289,20485,16144,16698,13698,713,17424,33249,50503,70942,87964,106041,121752,125097,145909,163791,179151,195587,217795,219610,230544,246833,267318,283462,300160,313858,105,95,60.0,31.0,31.0,33.0,33.0,39.0,35.0,30.0,25.0,25.0,23.0,18.0,18.0,15.0,15.0,15.0,15.0,16.0,16.0
ZEITS Andrey,ASTANA PRO TEAM,714,16711,15825,17254,20439,17092,18077,15727,3508,20941,17957,15360,16563,22688,1887,11497,16289,20485,16863,17567,13698,714,17425,33250,50504,70943,88035,106112,121839,125347,146288,164245,179605,196168,218856,220743,232240,248529,269014,285877,303444,317142,113,102,65.0,33.0,32.0,39.0,39.0,41.0,41.0,38.0,32.0,32.0,29.0,27.0,27.0,28.0,28.0,27.0,29.0,33.0,33.0
BATTAGLIN Enrico,TEAM LOTTO NL - JUMBO,714,16711,15825,17253,20454,17444,18068,15850,3340,21365,17805,15360,16609,22688,2027,11681,16289,20402,16863,18469,13698,714,17425,33250,50503,70957,88401,106469,122319,125659,147024,164829,180189,196798,219486,221513,233194,249483,269885,286748,305217,318915,113,102,65.0,31.0,40.0,51.0,48.0,53.0,51.0,48.0,41.0,41.0,35.0,31.0,33.0,34.0,34.0,34.0,34.0,42.0,42.0
TXURRUKA Amets,ORICA GREENEDGE,714,16711,15922,17387,20618,17583,18185,15975,3361,21399,18587,15360,17611,23272,1931,11775,16345,20636,16863,17219,13698,714,17425,33347,50734,71352,88935,107120,123095,126456,147855,166442,181802,199413,222685,224616,236391,252736,273372,290235,307454,321152,113,102,109.0,72.0,80.0,84.0,84.0,80.0,73.0,62.0,65.0,64.0,63.0,61.0,61.0,61.0,60.0,60.0,59.0,55.0,55.0
CAPECCHI Eros,ASTANA PRO TEAM,715,16711,16284,17342,20671,17855,18242,16330,3393,22072,18857,15360,17611,23447,1974,11775,16454,20936,16863,17567,13698,715,17426,33710,51052,71723,89578,107820,124150,127543,149615,168472,183832,201443,224890,226864,238639,255093,276029,292892,310459,324157,116,105,179.0,122.0,125.0,133.0,137.0,142.0,143.0,126.0,142.0,141.0,120.0,98.0,97.0,96.0,103.0,106.0,89.0,82.0,82.0
MONTAGUTI Matteo,AG2R LA MONDIALE,716,16711,15825,17254,20439,16983,18077,15311,3377,20941,17957,15360,16386,22752,1917,11021,16289,20338,16144,16698,13698,716,17427,33252,50506,70945,87928,106005,121316,124693,145634,163591,178951,195337,218089,220006,231027,247316,267654,283798,300496,314194,117,106,67.0,34.0,33.0,30.0,30.0,22.0,24.0,24.0,23.0,23.0,19.0,19.0,19.0,18.0,18.0,18.0,19.0,19.0,19.0
BOSWELL Ian,TEAM SKY,716,16711,15922,17254,20631,17154,18242,16330,3545,22325,18761,15360,18272,23856,1804,11775,16324,20936,16101,17834,13698,716,17427,33349,50603,71234,88388,106630,122960,126505,148830,167591,182951,201223,225079,226883,238658,254982,275918,292019,309853,323551,117,106,110.0,54.0,68.0,50.0,52.0,73.0,77.0,90.0,109.0,107.0,114.0,106.0,100.0,99.0,97.0,100.0,75.0,71.0,71.0
VAN ZYL Johann,TEAM DIMENSION DATA,716,16711,15876,17701,20631,17855,18242,15975,3419,22325,17934,15360,17425,23856,1971,11775,16454,20821,16863,18469,13698,716,17427,33303,51004,71635,89490,107732,123707,127126,149451,167385,182745,200170,224026,225997,237772,254226,275047,291910,310379,324077,117,106,99.0,116.0,115.0,129.0,129.0,110.0,115.0,118.0,102.0,101.0,81.0,78.0,77.0,77.0,81.0,80.0,74.0,79.0,79.0
SARREAU Marc,FDJ,717,16711,16188,18183,20563,17970,18185,16330,3369,22927,18857,15754,0,0,0,0,0,0,0,0,0,717,17428,33616,51799,72362,90332,108517,124847,128216,151143,170000,185754,185754,185754,185754,185754,185754,185754,185754,185754,185754,120,109,153.0,177.0,171.0,177.0,176.0,174.0,168.0,173.0,177.0,176.0,,,,,,,,,
FISCHER Murilo Antonio,FDJ,718,16711,16284,18183,20543,17855,18149,16330,3437,22927,18857,15360,18272,24188,2116,11819,16331,20936,17785,18469,13698,718,17429,33713,51896,72439,90294,108443,124773,128210,151137,169994,185354,203626,227814,229930,241749,258080,279016,296801,315270,328968,121,110,180.0,186.0,173.0,173.0,169.0,168.0,167.0,172.0,176.0,174.0,168.0,161.0,160.0,159.0,158.0,157.0,153.0,153.0,152.0
DIDIER Laurent,TREK - SEGAFREDO,719,16711,16188,17387,20666,17149,18185,16079,3493,21452,18508,15360,17611,23856,2047,11775,16454,20936,16965,17567,13698,719,17430,33618,51005,71671,88820,107005,123084,126577,148029,166537,181897,199508,223364,225411,237186,253640,274576,291541,309108,322806,122,111,154.0,117.0,120.0,73.0,75.0,78.0,83.0,69.0,68.0,67.0,64.0,69.0,70.0,70.0,70.0,75.0,71.0,64.0,64.0
HAUSSLER Heinrich,IAM CYCLING,719,16711,15841,17387,20439,17855,18068,16079,3396,22325,17904,15360,18272,24603,2063,11819,16289,20936,17100,18469,13698,719,17430,33271,50658,71097,88952,107020,123099,126495,148820,166724,182084,200356,224959,227022,238841,255130,276066,293166,311635,325333,122,111,83.0,66.0,59.0,87.0,76.0,81.0,75.0,88.0,74.0,73.0,92.0,102.0,105.0,104.0,104.0,107.0,94.0,100.0,99.0
MODOLO Sacha,LAMPRE - MERIDA,719,16711,15825,17282,20439,17710,18068,16330,3586,22325,17805,15360,17935,24603,1974,11775,16289,19554,17812,18469,13698,719,17430,33255,50537,70976,88686,106754,123084,126670,148995,166800,182160,200095,224698,226672,238447,254736,274290,292102,310571,324269,122,111,68.0,46.0,43.0,65.0,60.0,78.0,85.0,97.0,77.0,74.0,79.0,93.0,92.0,91.0,90.0,71.0,77.0,84.0,84.0
LE GAC Olivier,FDJ,719,16809,16081,17701,20666,17855,18103,16330,3455,22927,18857,15360,18272,24603,2063,11819,16289,19874,17785,18469,13698,719,17528,33609,51310,71976,89831,107934,124264,127719,150646,169503,184863,203135,227738,229801,241620,257909,277783,295568,314037,327735,122,194,150.0,147.0,150.0,156.0,146.0,148.0,153.0,166.0,171.0,170.0,163.0,159.0,157.0,156.0,155.0,136.0,133.0,134.0,133.0
HERRADA LOPEZ Jos&#233;,MOVISTAR TEAM,720,16711,16284,17701,20666,17210,18407,16330,3390,21399,18289,15360,17135,23658,1996,11775,16454,20625,16591,18154,13698,720,17431,33715,51416,72082,89292,107699,124029,127419,148818,167107,182467,199602,223260,225256,237031,253485,274110,290701,308855,322553,126,114,182.0,157.0,162.0,112.0,126.0,132.0,134.0,87.0,89.0,87.0,66.0,68.0,68.0,67.0,67.0,66.0,61.0,62.0,62.0
DOMONT Axel,AG2R LA MONDIALE,720,16711,16120,17618,20543,17154,18407,15975,3439,21274,18587,15360,17611,23076,1978,11530,16289,19618,17097,17219,13698,720,17431,33551,51169,71712,88866,107273,123248,126687,147961,166548,181908,199519,222595,224573,236103,252392,272010,289107,306326,320024,126,114,134.0,135.0,123.0,77.0,97.0,91.0,86.0,66.0,70.0,69.0,65.0,60.0,60.0,58.0,57.0,49.0,50.0,50.0,50.0
ROVNY Ivan,TINKOFF,720,16711,16284,17254,20465,16983,18068,15550,3574,20714,18508,15360,17135,22837,2024,11775,16324,19564,16863,17834,13698,720,17431,33715,50969,71434,88417,106485,122035,125609,146323,164831,180191,197326,220163,222187,233962,250286,269850,286713,304547,318245,126,114,182.0,109.0,92.0,52.0,50.0,44.0,48.0,39.0,42.0,42.0,38.0,38.0,38.0,39.0,39.0,33.0,33.0,36.0,36.0
COURTEILLE Arnaud,FDJ,720,16711,16188,17701,20666,17855,18242,15850,3396,22927,18857,15360,18272,24188,1864,11819,16454,20936,17785,18469,13698,720,17431,33619,51320,71986,89841,108083,123933,127329,150256,169113,184473,202745,226933,228797,240616,257070,278006,295791,314260,327958,126,114,155.0,148.0,151.0,157.0,155.0,127.0,129.0,150.0,158.0,157.0,155.0,141.0,136.0,135.0,136.0,139.0,136.0,137.0,136.0
BROWN Nathan,CANNONDALE PRO CYCLING TEAM,721,16711,16188,17282,20543,17048,18242,15850,3438,20785,18508,15360,17425,23856,1930,11592,16289,20831,16410,16980,13698,721,17432,33620,50902,71445,88493,106735,122585,126023,146808,165316,180676,198101,221957,223887,235479,251768,272599,289009,305989,319687,130,118,156.0,96.0,94.0,53.0,57.0,59.0,61.0,42.0,50.0,50.0,50.0,54.0,53.0,51.0,50.0,52.0,48.0,48.0,48.0
KOCHETKOV Pavel,TEAM KATUSHA,721,16711,15825,17217,20439,17055,18077,15550,3521,20941,17957,15360,17135,22459,1968,11775,16289,20625,16863,16698,13698,721,17432,33257,50474,70913,87968,106045,121595,125116,146057,164014,179374,196509,218968,220936,232711,249000,269625,286488,303186,316884,130,118,69.0,25.0,24.0,34.0,34.0,34.0,38.0,35.0,29.0,29.0,32.0,29.0,30.0,31.0,30.0,32.0,31.0,32.0,32.0
BOEM Nicola,BARDIANI CSF,722,16784,16188,18183,20666,17855,18242,16330,3355,22380,18596,15360,18272,24194,1954,11811,16345,20936,17785,18469,13698,722,17506,33694,51877,72543,90398,108640,124970,128325,150705,169301,184661,202933,227127,229081,240892,257237,278173,295958,314427,328125,132,187,175.0,184.0,181.0,180.0,178.0,177.0,176.0,167.0,163.0,161.0,157.0,147.0,144.0,143.0,142.0,144.0,140.0,140.0,139.0
BERLATO Giacomo,NIPPO - VINI FANTINI,722,16773,16079,17701,20451,17855,18242,15400,3388,22325,18194,15360,18272,0,0,0,0,0,0,0,0,722,17495,33574,51275,71726,89581,107823,123223,126611,148936,167130,182490,200762,200762,200762,200762,200762,200762,200762,200762,200762,132,184,136.0,144.0,126.0,134.0,138.0,87.0,84.0,96.0,91.0,90.0,103.0,,,,,,,,
VERONA Carlos,ETIXX - QUICK-STEP,722,16711,15825,17254,20439,16922,18077,15408,3314,20941,18857,15360,17611,22688,1879,11775,16454,20936,16678,17567,13698,722,17433,33258,50512,70951,87873,105950,121358,124672,145613,164470,179830,197441,220129,222008,233783,250237,271173,287851,305418,319116,132,120,70.0,37.0,37.0,26.0,26.0,25.0,22.0,21.0,34.0,34.0,42.0,37.0,37.0,37.0,37.0,42.0,40.0,43.0,43.0
BELKOV Maxim,TEAM KATUSHA,724,16711,15825,18183,20671,17583,18171,16330,3266,22325,17934,15360,17830,24603,2024,11819,16366,20936,17785,18469,13698,724,17435,33260,51443,72114,89697,107868,124198,127464,149789,167723,183083,200913,225516,227540,239359,255725,276661,294446,312915,326613,135,121,71.0,163.0,165.0,145.0,143.0,145.0,138.0,134.0,116.0,114.0,107.0,115.0,114.0,115.0,115.0,116.0,115.0,117.0,116.0
MOHORIC Matej,LAMPRE - MERIDA,724,16711,15825,17701,20489,17855,18088,16330,3303,22325,18194,15360,17611,24603,2082,11775,16408,19988,17785,18469,13698,724,17435,33260,50961,71450,89305,107393,123723,127026,149351,167545,182905,200516,225119,227201,238976,255384,275372,293157,311626,325324,135,121,71.0,108.0,96.0,114.0,106.0,114.0,106.0,112.0,106.0,105.0,97.0,107.0,108.0,107.0,108.0,90.0,93.0,99.0,98.0
KOZHATAYEV Bakhtiyar,ASTANA PRO TEAM,724,16711,16188,17701,20631,17092,18077,15975,3460,21452,18100,15360,18272,23856,2104,11819,16371,20936,16456,17872,13698,724,17435,33623,51324,71955,89047,107124,123099,126559,148011,166111,181471,199743,223599,225703,237522,253893,274829,291285,309157,322855,135,121,157.0,149.0,149.0,93.0,85.0,81.0,82.0,67.0,59.0,58.0,69.0,72.0,72.0,72.0,72.0,76.0,66.0,65.0,65.0
FRAILE MATARRANZ Omar,TEAM DIMENSION DATA,725,16784,16284,18183,0,0,0,0,0,0,0,0,0,0,0,0,0,0,0,0,0,725,17509,33793,51976,51976,51976,51976,51976,51976,51976,51976,51976,51976,51976,51976,51976,51976,51976,51976,51976,51976,138,188,191.0,192.0,,,,,,,,,,,,,,,,,
DE MARCHI Alessandro,BMC RACING TEAM,725,16711,16188,17515,20782,17855,18410,15338,3474,22363,18521,15360,17095,24619,1936,11775,16355,20936,17798,17611,13698,725,17436,33624,51139,71921,89776,108186,123524,126998,149361,167882,183242,200337,224956,226892,238667,255022,275958,293756,311367,325065,138,124,158.0,131.0,146.0,152.0,162.0,102.0,105.0,113.0,120.0,118.0,89.0,100.0,101.0,100.0,100.0,103.0,105.0,95.0,94.0
FILOSI Iuri,NIPPO - VINI FANTINI,725,16784,16284,18183,20631,17710,18149,18571,0,0,0,0,0,0,0,0,0,0,0,0,0,725,17509,33793,51976,72607,90317,108466,127037,127037,127037,127037,127037,127037,127037,127037,127037,127037,127037,127037,127037,127037,138,188,191.0,192.0,185.0,175.0,172.0,190.0,,,,,,,,,,,,,
HANSEN Adam,LOTTO SOUDAL,726,16742,15922,17463,20543,17710,18149,15975,3511,21804,17901,15360,18272,24603,2000,11775,16289,20936,16863,16926,13698,726,17468,33390,50853,71396,89106,107255,123230,126741,148545,166446,181806,200078,224681,226681,238456,254745,275681,292544,309470,323168,141,175,125.0,90.0,87.0,95.0,95.0,89.0,90.0,79.0,66.0,65.0,76.0,91.0,93.0,92.0,91.0,95.0,85.0,68.0,68.0
SAVITSKIY Ivan,GAZPROM - RUSVELO,727,16711,15825,17571,20439,17855,18068,16330,3552,22325,17805,15360,18272,23856,1925,11819,16289,20936,17785,18469,13698,727,17438,33263,50834,71273,89128,107196,123526,127078,149403,167208,182568,200840,224696,226621,238440,254729,275665,293450,311919,325617,142,125,74.0,86.0,73.0,97.0,90.0,103.0,110.0,114.0,95.0,94.0,106.0,92.0,91.0,90.0,89.0,94.0,98.0,105.0,104.0
NIEMIEC Przemyslaw,LAMPRE - MERIDA,727,16711,15922,17701,20557,17092,18149,15727,3469,22084,18587,15527,18272,0,0,0,0,0,0,0,0,727,17438,33360,51061,71618,88710,106859,122586,126055,148139,166726,182253,200525,200525,200525,200525,200525,200525,200525,200525,200525,142,125,112.0,124.0,113.0,67.0,67.0,60.0,62.0,71.0,75.0,79.0,98.0,,,,,,,,
PETILLI Simone,LAMPRE - MERIDA,727,16711,15825,17387,20631,17710,18185,16330,3470,21101,18587,15360,17611,23856,1834,11775,16454,20936,17100,18469,13698,727,17438,33263,50650,71281,88991,107176,123506,126976,148077,166664,182024,199635,223491,225325,237100,253554,274490,291590,310059,323757,142,125,74.0,63.0,75.0,91.0,88.0,101.0,101.0,70.0,72.0,71.0,67.0,70.0,69.0,69.0,69.0,73.0,73.0,77.0,77.0
PETROV Evgeny,TINKOFF,727,16711,15922,17387,20476,17055,18103,15850,3545,21452,18900,15360,17830,24603,1991,11775,16345,20936,17432,17567,13698,727,17438,33360,50747,71223,88278,106381,122231,125776,147228,166128,181488,199318,223921,225912,237687,254032,274968,292400,309967,323665,142,125,112.0,74.0,67.0,49.0,46.0,51.0,54.0,53.0,60.0,59.0,62.0,73.0,73.0,73.0,73.0,78.0,82.0,75.0,75.0
VANENDERT Jelle,LOTTO SOUDAL,728,16738,15922,17571,20782,17855,18407,16330,3516,21069,17951,15360,18272,23856,2091,11775,16408,20936,17785,17868,13698,728,17466,33388,50959,71741,89596,108003,124333,127849,148918,166869,182229,200501,224357,226448,238223,254631,275567,293352,311220,324918,146,173,124.0,107.0,128.0,136.0,151.0,154.0,158.0,95.0,80.0,77.0,96.0,85.0,88.0,87.0,87.0,92.0,96.0,93.0,92.0
MORI Manuele,LAMPRE - MERIDA,728,16711,15825,17253,20439,17710,18077,15727,3453,21694,18587,15360,17611,23856,1971,11775,16454,20936,16863,17868,13698,728,17439,33264,50517,70956,88666,106743,122470,125923,147617,166204,181564,199175,223031,225002,236777,253231,274167,291030,308898,322596,146,129,76.0,39.0,38.0,63.0,59.0,57.0,59.0,59.0,62.0,61.0,60.0,65.0,66.0,65.0,65.0,68.0,65.0,63.0,63.0
STAMSNIJDER Tom,TEAM GIANT - ALPECIN,728,16788,16120,17701,20671,17855,18407,16330,3429,22325,18587,15360,18272,24603,2032,11775,16408,20936,17785,18469,13698,728,17516,33636,51337,72008,89863,108270,124600,128029,150354,168941,184301,202573,227176,229208,240983,257391,278327,296112,314581,328279,146,190,160.0,150.0,153.0,158.0,165.0,164.0,164.0,155.0,152.0,151.0,151.0,150.0,147.0,146.0,145.0,147.0,144.0,144.0,143.0
MEZGEC Luka,ORICA GREENEDGE,728,16711,15856,17279,20439,17855,18068,16330,3614,22927,18857,15360,18272,24603,2104,11819,0,0,0,0,0,728,17439,33295,50574,71013,88868,106936,123266,126880,149807,168664,184024,202296,226899,229003,240822,240822,240822,240822,240822,240822,146,129,96.0,52.0,51.0,78.0,70.0,92.0,96.0,135.0,143.0,142.0,141.0,140.0,141.0,140.0,,,,,
DELAGE Mickael,FDJ,728,16711,15931,18183,20478,17855,18077,16330,3323,22927,18857,15360,18272,24603,2078,11819,16289,20936,17785,18469,13698,728,17439,33370,51553,72031,89886,107963,124293,127616,150543,169400,184760,203032,227635,229713,241532,257821,278757,296542,315011,328709,146,129,117.0,171.0,157.0,162.0,147.0,149.0,147.0,159.0,167.0,164.0,158.0,154.0,154.0,153.0,152.0,153.0,149.0,149.0,148.0
FERRARI Roberto,LAMPRE - MERIDA,729,16711,15856,17701,20484,17855,18149,16330,3519,22325,18587,15360,18272,24603,2055,11811,16395,20936,17812,18469,13698,729,17440,33296,50997,71481,89336,107485,123815,127334,149659,168246,183606,201878,226481,228536,240347,256742,277678,295490,313959,327657,151,132,97.0,115.0,99.0,118.0,116.0,122.0,130.0,130.0,135.0,133.0,133.0,133.0,130.0,129.0,131.0,133.0,132.0,133.0,132.0
KUZNETSOV Viacheslav,TEAM KATUSHA,729,16711,15885,17529,20563,17855,18185,16079,3394,22927,18587,15360,18272,24603,2083,11811,16319,20821,17188,18469,13698,729,17440,33325,50854,71417,89272,107457,123536,126930,149857,168444,183804,202076,226679,228762,240573,256892,277713,294901,313370,327068,151,132,104.0,91.0,89.0,109.0,111.0,104.0,100.0,138.0,141.0,140.0,139.0,137.0,135.0,134.0,133.0,135.0,123.0,124.0,123.0
FOLIFOROV Alexander,GAZPROM - RUSVELO,729,16711,16284,17701,20671,17154,18242,16330,3349,21452,18587,15360,16386,23447,1719,11775,16454,20936,16144,16039,13698,729,17440,33724,51425,72096,89250,107492,123822,127171,148623,167210,182570,198956,222403,224122,235897,252351,273287,289431,305470,319168,151,132,184.0,160.0,163.0,106.0,117.0,123.0,116.0,82.0,96.0,95.0,58.0,58.0,56.0,55.0,56.0,58.0,53.0,45.0,45.0
MALACARNE Davide,ASTANA PRO TEAM,729,16711,15825,17387,20439,17055,18068,15850,3504,21365,17934,15360,16918,23447,2041,11819,16289,19802,16863,18469,13698,729,17440,33265,50652,71091,88146,106214,122064,125568,146933,164867,180227,197145,220592,222633,234452,250741,270543,287406,305875,319573,151,132,77.0,64.0,58.0,45.0,43.0,45.0,45.0,45.0,43.0,43.0,36.0,40.0,42.0,44.0,43.0,38.0,37.0,47.0,47.0
ZILIOLI Gianfranco,NIPPO - VINI FANTINI,730,16711,16120,17387,20972,17855,18407,16415,3427,22325,18001,15360,18272,24603,1987,11775,16454,19988,17785,18469,13698,730,17441,33561,50948,71920,89775,108182,124597,128024,150349,168350,183710,201982,226585,228572,240347,256801,276789,294574,313043,326741,155,136,135.0,105.0,145.0,151.0,161.0,163.0,163.0,154.0,138.0,136.0,136.0,134.0,132.0,129.0,132.0,119.0,117.0,119.0,118.0
SILIN Egor,TEAM KATUSHA,731,16711,15922,17254,20458,17036,18242,15727,3571,20941,18587,15360,17135,23447,1860,11819,16324,20936,16070,16698,13698,731,17442,33364,50618,71076,88112,106354,122081,125652,146593,165180,180540,197675,221122,222982,234801,251125,272061,288131,304829,318527,156,137,114.0,58.0,57.0,43.0,45.0,46.0,50.0,40.0,48.0,48.0,46.0,47.0,47.0,47.0,47.0,50.0,44.0,38.0,38.0
NIEVE Mikel,TEAM SKY,731,16711,15825,17463,20451,16916,18077,15400,3431,22927,17805,15360,16309,22208,1836,11418,16345,20936,15645,16015,13698,731,17442,33267,50730,71181,88097,106174,121574,125005,147932,165737,181097,197406,219614,221450,232868,249213,270149,285794,301809,315507,156,137,78.0,71.0,64.0,42.0,42.0,33.0,32.0,64.0,55.0,55.0,40.0,32.0,31.0,32.0,33.0,35.0,27.0,25.0,25.0
SBARAGLI Kristian,TEAM DIMENSION DATA,731,16711,15825,17254,20435,17710,18068,16079,3475,22325,17934,15360,18272,23856,2071,11775,16289,20936,17785,18469,13698,731,17442,33267,50521,70956,88666,106734,122813,126288,148613,166547,181907,200179,224035,226106,237881,254170,275106,292891,311360,325058,156,137,78.0,42.0,38.0,63.0,56.0,68.0,68.0,81.0,69.0,68.0,82.0,79.0,80.0,80.0,78.0,81.0,88.0,94.0,93.0
POZZATO Filippo,WILIER TRIESTINA - SOUTHEAST,731,16711,15922,17463,20451,17855,18120,15975,3491,22325,18508,15527,18272,24116,2084,11775,16289,20936,17785,18469,13698,731,17442,33364,50827,71278,89133,107253,123228,126719,149044,167552,183079,201351,225467,227551,239326,255615,276551,294336,312805,326503,156,137,114.0,84.0,74.0,98.0,94.0,88.0,88.0,99.0,107.0,113.0,119.0,114.0,115.0,114.0,113.0,114.0,114.0,116.0,115.0
SIMION Paolo,BARDIANI CSF,732,16711,15825,18183,20493,17855,18068,16330,3442,22325,18100,15360,18272,24603,2068,11811,16289,20936,17785,18469,13698,732,17443,33268,51451,71944,89799,107867,124197,127639,149964,168064,183424,201696,226299,228367,240178,256467,277403,295188,313657,327355,160,141,80.0,165.0,148.0,154.0,142.0,144.0,150.0,144.0,127.0,125.0,126.0,128.0,127.0,126.0,125.0,130.0,130.0,131.0,130.0
MAESTRI Mirco,BARDIANI CSF,732,16711,15839,17463,20631,17855,18077,15975,3521,22325,18508,15360,18272,24603,1953,11819,16289,20936,17785,18469,13698,732,17443,33282,50745,71376,89231,107308,123283,126804,149129,167637,182997,201269,225872,227825,239644,255933,276869,294654,313123,326821,160,141,90.0,73.0,84.0,104.0,100.0,93.0,93.0,104.0,111.0,109.0,116.0,121.0,120.0,120.0,118.0,120.0,118.0,120.0,119.0
TRENTIN Matteo,ETIXX - QUICK-STEP,734,16711,15845,17282,20465,17855,18068,15478,3436,22509,17805,15360,18272,24188,2041,11819,16289,19534,17785,18469,13698,734,17445,33290,50572,71037,88892,106960,122438,125874,148383,166188,181548,199820,224008,226049,237868,254157,273691,291476,309945,323643,162,143,93.0,51.0,52.0,80.0,71.0,56.0,56.0,74.0,61.0,60.0,70.0,77.0,78.0,78.0,76.0,63.0,70.0,74.0,74.0
POLJANSKI Pawel,TINKOFF,734,16711,15825,17254,20451,16977,18068,15727,3478,20860,18508,15360,17830,23008,1919,11383,16289,20485,16549,17092,13698,734,17445,33270,50524,70975,87952,106020,121747,125225,146085,164593,179953,197783,220791,222710,234093,250382,270867,287416,304508,318206,162,143,81.0,43.0,42.0,32.0,32.0,38.0,39.0,36.0,37.0,37.0,48.0,44.0,43.0,40.0,40.0,40.0,38.0,35.0,35.0
BUSATO Matteo,WILIER TRIESTINA - SOUTHEAST,734,16711,15825,17217,20439,17218,18337,15550,3514,22325,18508,15360,17118,22636,2075,11775,16454,19604,17785,18469,13698,734,17445,33270,50487,70926,88144,106481,122031,125545,147870,166378,181738,198856,221492,223567,235342,251796,271400,289185,307654,321352,162,143,81.0,29.0,28.0,44.0,49.0,43.0,44.0,63.0,64.0,63.0,57.0,51.0,51.0,50.0,51.0,45.0,51.0,57.0,57.0
CICCONE Giulio,BARDIANI CSF,734,16711,16188,17571,20666,16953,18407,16330,3515,20672,18587,15360,18272,22357,1844,11811,16454,20936,0,0,0,734,17445,33633,51204,71870,88823,107230,123560,127075,147747,166334,181694,199966,222323,224167,235978,252432,273368,273368,273368,273368,162,143,159.0,139.0,140.0,74.0,93.0,106.0,109.0,60.0,63.0,62.0,73.0,57.0,57.0,57.0,58.0,59.0,,,
KOSHEVOY Ilia,LAMPRE - MERIDA,735,16711,15922,17701,20671,17855,18407,16330,3501,21787,18587,15527,17425,24603,2022,11696,16497,20936,17785,16894,13698,735,17446,33368,51069,71740,89595,108002,124332,127833,149620,168207,183734,201159,225762,227784,239480,255977,276913,294698,311592,325290,166,147,116.0,125.0,127.0,135.0,150.0,153.0,157.0,127.0,132.0,138.0,111.0,118.0,118.0,117.0,120.0,122.0,119.0,98.0,97.0
KADRI Blel,AG2R LA MONDIALE,736,16711,16284,18183,20782,17855,18337,15975,3452,22325,18857,15360,18272,24603,1914,11775,16289,20936,17785,18469,13698,736,17447,33731,51914,72696,90551,108888,124863,128315,150640,169497,184857,203129,227732,229646,241421,257710,278646,296431,314900,328598,167,148,185.0,188.0,187.0,186.0,184.0,175.0,175.0,165.0,169.0,168.0,162.0,158.0,153.0,152.0,151.0,152.0,148.0,148.0,147.0
SOLOMENNIKOV Andrey,GAZPROM - RUSVELO,737,16711,15825,17928,20671,17855,18171,16330,3398,22325,18857,15360,18272,24603,2015,11819,16327,20021,17785,18469,13698,737,17448,33273,51201,71872,89727,107898,124228,127626,149951,168808,184168,202440,227043,229058,240877,257204,277225,295010,313479,327177,168,149,84.0,137.0,141.0,148.0,145.0,147.0,149.0,143.0,147.0,146.0,145.0,144.0,142.0,142.0,141.0,127.0,126.0,128.0,127.0
DE BACKER Bert,TEAM GIANT - ALPECIN,737,16711,16152,18183,20671,17972,18077,16330,3453,22927,18587,15360,18272,0,0,0,0,0,0,0,0,737,17448,33600,51783,72454,90426,108503,124833,128286,151213,169800,185160,203432,203432,203432,203432,203432,203432,203432,203432,203432,168,149,145.0,175.0,175.0,182.0,175.0,173.0,172.0,176.0,174.0,172.0,166.0,,,,,,,,
ATAPUMA Darwin,BMC RACING TEAM,737,16711,15825,17254,20458,16983,18077,15550,3502,20752,17957,15360,16462,21982,1917,10934,16289,20355,15810,15815,13698,737,17448,33273,50527,70985,87968,106045,121595,125097,145849,163806,179166,195628,217610,219527,230461,246750,267105,282915,298730,312428,168,149,84.0,44.0,47.0,34.0,34.0,34.0,35.0,28.0,26.0,26.0,24.0,14.0,15.0,13.0,13.0,13.0,12.0,9.0,9.0
BISOLTI Alessandro,NIPPO - VINI FANTINI,738,16711,16188,17316,20631,17048,18337,16330,3542,22325,17934,15360,17425,24603,2084,11775,16454,20936,16863,17834,13698,738,17449,33637,50953,71584,88632,106969,123299,126841,149166,167100,182460,199885,224488,226572,238347,254801,275737,292600,310434,324132,171,152,161.0,106.0,108.0,60.0,72.0,94.0,94.0,107.0,88.0,86.0,72.0,89.0,89.0,88.0,92.0,96.0,87.0,81.0,81.0
ANTON HERNANDEZ Igor,TEAM DIMENSION DATA,738,16711,15922,17254,20439,16908,18077,15408,3352,20812,17957,15360,16609,23272,2033,11775,16454,20398,16863,16492,13698,738,17449,33371,50625,71064,87972,106049,121457,124809,145621,163578,178938,195547,218819,220852,232627,249081,269479,286342,302834,316532,171,152,118.0,59.0,54.0,36.0,36.0,31.0,29.0,23.0,22.0,22.0,21.0,26.0,28.0,30.0,31.0,30.0,30.0,28.0,28.0
VAN EMDEN Jos,TEAM LOTTO NL - JUMBO,739,16711,15825,17571,20631,17855,18142,16330,3173,22072,18587,15360,18272,24603,2059,11775,16339,20936,17785,18469,13661,739,17450,33275,50846,71477,89332,107474,123804,126977,149049,167636,182996,201268,225871,227930,239705,256044,276980,294765,313234,326895,173,154,86.0,87.0,98.0,117.0,114.0,120.0,102.0,100.0,110.0,108.0,115.0,120.0,121.0,121.0,121.0,123.0,120.0,121.0,120.0
ALAFACI Eugenio,TREK - SEGAFREDO,740,16711,15825,17571,20478,17855,18077,15975,3511,22325,18100,15360,18272,23937,2023,11775,16324,20936,17785,18469,13698,740,17451,33276,50847,71325,89180,107257,123232,126743,149068,167168,182528,200800,224737,226760,238535,254859,275795,293580,312049,325747,174,155,87.0,88.0,78.0,100.0,96.0,90.0,91.0,101.0,94.0,93.0,104.0,94.0,95.0,94.0,93.0,97.0,101.0,106.0,105.0
ANDREETTA Simone,BARDIANI CSF,741,16784,16188,18183,20782,17855,18242,16330,3404,22325,17951,15360,18272,24603,1981,11811,16454,20936,17785,18469,13698,741,17525,33713,51896,72678,90533,108775,125105,128509,150834,168785,184145,202417,227020,229001,240812,257266,278202,295987,314456,328154,175,193,180.0,186.0,186.0,185.0,182.0,180.0,179.0,169.0,145.0,144.0,143.0,142.0,140.0,139.0,144.0,146.0,142.0,142.0,141.0
THOMSON Jay Robert,TEAM DIMENSION DATA,741,16711,16188,18183,20671,17855,18242,16330,3487,22325,18587,15502,18272,24603,2064,11819,16324,20936,17785,18469,13698,741,17452,33640,51823,72494,90349,108591,124921,128408,150733,169320,184822,203094,227697,229761,241580,257904,278840,296625,315094,328792,175,156,162.0,179.0,178.0,179.0,177.0,176.0,178.0,168.0,165.0,167.0,161.0,157.0,156.0,155.0,154.0,154.0,150.0,150.0,149.0
DUPONT Hubert,AG2R LA MONDIALE,741,16711,15922,17282,20451,16908,18077,15400,3464,20839,17957,15360,16436,22208,1853,10934,16289,20355,15765,16392,13698,741,17452,33374,50656,71107,88015,106092,121492,124956,145795,163752,179112,195548,217756,219609,230543,246832,267187,282952,299344,313042,175,156,119.0,65.0,60.0,38.0,38.0,32.0,31.0,27.0,24.0,24.0,22.0,17.0,17.0,14.0,14.0,14.0,13.0,11.0,11.0
RYBALKIN Aleksey,GAZPROM - RUSVELO,741,16711,16284,17701,20782,17855,18242,16330,3338,22927,18587,15360,17611,24603,1836,11775,16454,20936,17100,16980,13698,741,17452,33736,51437,72219,90074,108316,124646,127984,150911,169498,184858,202469,227072,228908,240683,257137,278073,295173,312153,325851,175,156,186.0,162.0,169.0,168.0,167.0,166.0,160.0,171.0,170.0,169.0,146.0,145.0,138.0,137.0,137.0,141.0,129.0,107.0,106.0
RODRIGUEZ Cristian,WILIER TRIESTINA - SOUTHEAST,743,16711,16284,17545,20631,17558,18337,16330,3412,21452,18508,15360,17611,24188,1942,11775,16289,20936,17785,18469,13698,743,17454,33738,51283,71914,89472,107809,124139,127551,149003,167511,182871,200482,224670,226612,238387,254676,275612,293397,311866,325564,179,159,187.0,145.0,144.0,127.0,135.0,139.0,144.0,98.0,104.0,103.0,95.0,90.0,90.0,89.0,88.0,93.0,97.0,104.0,103.0
JI Cheng,TEAM GIANT - ALPECIN,744,16822,16284,17966,21469,18052,18185,16693,3647,22325,18374,15360,18272,24603,1993,11775,16339,20936,17785,18469,13698,744,17566,33850,51816,73285,91337,109522,126215,129862,152187,170561,185921,204193,228796,230789,242564,258903,279839,297624,316093,329791,180,197,194.0,178.0,193.0,192.0,190.0,187.0,186.0,183.0,181.0,179.0,172.0,166.0,162.0,161.0,160.0,159.0,155.0,155.0,154.0
KUDUS GHEBREMEDHIN Merhawi,TEAM DIMENSION DATA,744,16711,15825,17282,20439,17036,18077,15703,3485,21694,17957,15360,17135,23272,1996,11775,16289,20485,16678,16802,13698,744,17455,33280,50562,71001,88037,106114,121817,125302,146996,164953,180313,197448,220720,222716,234491,250780,271265,287943,304745,318443,180,160,88.0,49.0,49.0,41.0,41.0,40.0,40.0,47.0,45.0,45.0,43.0,43.0,44.0,45.0,44.0,44.0,43.0,37.0,37.0
BOLE Grega,NIPPO - VINI FANTINI,745,16822,16284,18183,20671,17855,18407,16419,3364,22614,17884,15360,17425,24603,2104,11811,16454,20936,17785,18469,13698,745,17567,33851,52034,72705,90560,108967,125386,128750,151364,169248,184608,202033,226636,228740,240551,257005,277941,295726,314195,327893,182,198,195.0,194.0,188.0,187.0,186.0,183.0,181.0,178.0,162.0,160.0,137.0,135.0,134.0,133.0,135.0,138.0,135.0,136.0,135.0
KOLOBNEV Alexandr,GAZPROM - RUSVELO,745,16711,15825,17571,20458,17855,18185,16079,3655,22072,17904,15360,17611,23937,2087,11819,16289,20782,17097,17868,13698,745,17456,33281,50852,71310,89165,107350,123429,127084,149156,167060,182420,200031,223968,226055,237874,254163,274945,292042,309910,323608,182,161,89.0,89.0,76.0,99.0,102.0,98.0,111.0,106.0,85.0,83.0,75.0,76.0,79.0,79.0,77.0,77.0,76.0,73.0,73.0
STACCHIOTTI Riccardo,NIPPO - VINI FANTINI,747,16711,16284,18183,20666,17970,18489,16419,3592,22927,18508,15360,18272,24603,2145,11819,16289,20936,17798,18633,13698,747,17458,33742,51925,72591,90561,109050,125469,129061,151988,170496,185856,204128,228731,230876,242695,258984,279920,297718,316351,330049,184,162,188.0,189.0,183.0,188.0,187.0,184.0,185.0,182.0,179.0,177.0,170.0,164.0,163.0,162.0,161.0,160.0,156.0,156.0,155.0
CARDOSO Andre Fernando S,CANNONDALE PRO CYCLING TEAM,749,16711,15825,17254,20439,16953,18077,15416,3585,20941,17957,15360,16563,22357,1857,11062,16289,20355,15781,16392,13698,749,17460,33285,50539,70978,87931,106008,121424,125009,145950,163907,179267,195830,218187,220044,231106,247395,267750,283531,299923,313621,185,164,91.0,47.0,44.0,31.0,31.0,28.0,34.0,32.0,28.0,28.0,26.0,20.0,20.0,20.0,20.0,20.0,16.0,14.0,14.0
BELLETTI Manuel,WILIER TRIESTINA - SOUTHEAST,750,16711,15825,17387,20435,17855,18068,15975,3535,22325,17934,15360,18272,24603,2043,11819,16289,0,0,0,0,750,17461,33286,50673,71108,88963,107031,123006,126541,148866,166800,182160,200432,225035,227078,238897,255186,255186,255186,255186,255186,186,165,92.0,67.0,61.0,89.0,78.0,74.0,80.0,92.0,77.0,74.0,93.0,104.0,106.0,105.0,105.0,,,,
BONGIORNO Francesco Manuel,BARDIANI CSF,750,16711,15922,17254,20631,16941,18242,16330,3541,22072,18587,15360,18272,24188,1998,11775,16454,20936,17785,18469,13698,750,17461,33383,50637,71268,88209,106451,122781,126322,148394,166981,182341,200613,224801,226799,238574,255028,275964,293749,312218,325916,186,165,121.0,62.0,72.0,46.0,47.0,65.0,70.0,75.0,84.0,81.0,100.0,95.0,96.0,95.0,101.0,104.0,104.0,110.0,109.0
CUNEGO Damiano,NIPPO - VINI FANTINI,750,16711,16188,17279,20493,17444,18242,15975,3432,20796,18194,15360,16769,22688,1898,11681,16345,20936,16720,17567,13698,750,17461,33649,50928,71421,88865,107107,123082,126514,147310,165504,180864,197633,220321,222219,233900,250245,271181,287901,305468,319166,186,165,163.0,99.0,90.0,76.0,83.0,77.0,78.0,55.0,51.0,51.0,45.0,39.0,39.0,38.0,38.0,43.0,42.0,44.0,44.0
HERNANDEZ Jesus,TINKOFF,752,16711,15922,17701,20631,17558,18242,15975,3486,20958,18587,15360,17135,22837,1965,11775,16289,20936,16446,18469,13698,752,17463,33385,51086,71717,89275,107517,123492,126978,147936,166523,181883,199018,221855,223820,235595,251884,272820,289266,307735,321433,189,168,122.0,126.0,124.0,110.0,118.0,100.0,103.0,65.0,67.0,66.0,59.0,52.0,52.0,52.0,52.0,54.0,52.0,59.0,59.0
YAMAMOTO Genki,NIPPO - VINI FANTINI,753,16711,16284,18183,20666,17855,18407,16522,3481,22325,18587,15614,18272,24603,1996,11811,16576,20316,17785,18469,13698,753,17464,33748,51931,72597,90452,108859,125381,128862,151187,169774,185388,203660,228263,230259,242070,258646,278962,296747,315216,328914,190,169,189.0,190.0,184.0,183.0,183.0,182.0,182.0,175.0,173.0,175.0,169.0,163.0,161.0,160.0,159.0,156.0,152.0,152.0,151.0
BONNAFOND Guillaume,AG2R LA MONDIALE,754,16711,15922,17387,20439,17583,18077,15975,3448,20812,18587,15360,17611,23272,2028,11775,16289,20936,16486,17567,13698,754,17465,33387,50774,71213,88796,106873,122848,126296,147108,165695,181055,198666,221938,223966,235741,252030,272966,289452,307019,320717,191,170,123.0,76.0,66.0,71.0,69.0,70.0,69.0,51.0,54.0,54.0,55.0,53.0,54.0,53.0,53.0,55.0,54.0,54.0,54.0
EWAN Caleb,ORICA GREENEDGE,754,16711,15825,17827,20435,18052,18068,16330,3520,22927,18857,15360,0,0,0,0,0,0,0,0,0,754,17465,33290,51117,71552,89604,107672,124002,127522,150449,169306,184666,184666,184666,184666,184666,184666,184666,184666,184666,184666,191,170,93.0,128.0,105.0,137.0,124.0,131.0,141.0,157.0,164.0,162.0,,,,,,,,,
ZHUPA Eugert,WILIER TRIESTINA - SOUTHEAST,756,16711,15825,17701,20666,17218,18437,16330,3542,22325,18508,15360,18272,24603,2051,11819,16356,20936,17785,18469,13698,756,17467,33292,50993,71659,88877,107314,123644,127186,149511,168019,183379,201651,226254,228305,240124,256480,277416,295201,313670,327368,193,174,95.0,114.0,117.0,79.0,101.0,109.0,117.0,120.0,126.0,124.0,125.0,127.0,124.0,125.0,126.0,131.0,131.0,132.0,131.0
GROSU Eduard Michael,NIPPO - VINI FANTINI,759,16711,16284,18183,20551,17855,18068,16330,3478,22927,18508,15360,18272,24603,2015,11831,16289,21017,17830,18633,13698,759,17470,33754,51937,72488,90343,108411,124741,128219,151146,169654,185014,203286,227889,229904,241735,258024,279041,296871,315504,329202,194,176,190.0,191.0,177.0,178.0,168.0,167.0,169.0,174.0,172.0,171.0,165.0,162.0,159.0,158.0,157.0,158.0,154.0,154.0,153.0
RUFFONI Nicola,BARDIANI CSF,764,16711,15825,18183,20631,18052,18068,16330,3529,22509,18587,15360,0,0,0,0,0,0,0,0,0,764,17475,33300,51483,72114,90166,108234,124564,128093,150602,169189,184549,184549,184549,184549,184549,184549,184549,184549,184549,184549,195,177,98.0,167.0,165.0,169.0,164.0,162.0,165.0,162.0,160.0,159.0,,,,,,,,,
JIM Songezo,TEAM DIMENSION DATA,770,16784,16284,17701,20671,17710,18242,16330,3503,22325,18587,15360,18272,24603,2068,11819,16454,20936,17785,18505,13698,770,17554,33838,51539,72210,89920,108162,124492,127995,150320,168907,184267,202539,227142,229210,241029,257483,278419,296204,314709,328407,196,196,193.0,170.0,168.0,165.0,160.0,160.0,161.0,151.0,150.0,149.0,149.0,149.0,148.0,147.0,146.0,148.0,145.0,145.0,144.0
PELUCCHI Matteo,IAM CYCLING,770,16711,15825,18183,21639,0,0,0,0,0,0,0,0,0,0,0,0,0,0,0,0,770,17481,33306,51489,73128,73128,73128,73128,73128,73128,73128,73128,73128,73128,73128,73128,73128,73128,73128,73128,73128,196,178,100.0,168.0,192.0,,,,,,,,,,,,,,,,
MARECZKO Jakub,WILIER TRIESTINA - SOUTHEAST,771,16711,16188,18183,0,0,0,0,0,0,0,0,0,0,0,0,0,0,0,0,0,771,17482,33670,51853,51853,51853,51853,51853,51853,51853,51853,51853,51853,51853,51853,51853,51853,51853,51853,51853,51853,198,179,166.0,182.0,,,,,,,,,,,,,,,,,
